StudentFName,StudentLName,DegreePlanID,Email,DOB,StudentAddress,Phone,PassHash,Salt
Shari,Delgado,41c9debc-e3cb-11e9-89fb-8f3d803af072,sdelgado0@pcworld.com,7/26/1995,3160 Coolidge Way,(759) 6413607,e86106e65acbf736ff9caf44dbdd960410241fc2ec4d375526ac4a9e13f62720,multi-tasking
Charlean,Peachey,41ca7ae8-e3cb-11e9-89fc-436f6ffb800a,cpeachey1@jugem.jp,5/20/2001,6 Veith Alley,(225) 1154399,fdf30f7edc53d436a032caccb186a543291f91e7ee8b660072ec9425933aede4,hub
Erna,Wasiel,41caa1ee-e3cb-11e9-89fd-87d79d61c5be,ewasiel2@so-net.ne.jp,6/12/1999,90308 Hallows Avenue,(350) 3645895,efa819e673dd669fb0e040ecfb84fe47282cd42efaa63968cbb87038684a666c,secondary
Mill,Deniset,41cac8f4-e3cb-11e9-89fe-3bf32d16afd2,mdeniset3@blogtalkradio.com,12/20/1993,53 Jenifer Point,(286) 2397421,6eb835d98b8c5e0fa2a266fd094b30fb4a9fe27781810d35a541677038f9ca21,interface
Mella,Cheley,41caf004-e3cb-11e9-89ff-43e4f55510bf,mcheley4@google.nl,8/7/2001,7 Vermont Avenue,(881) 6391166,fffc27bc5ccda0fdde2f4cf0c9597c213526d6368ebb903e57197b1e51b21e8d,neural-net
Novelia,Matschoss,41cb170a-e3cb-11e9-8a00-a7129547fc7e,nmatschoss5@cnbc.com,6/27/1996,529 Tennyson Lane,(898) 2616833,d84f877aeef34d5348c99466f2e5fe166f2fe26b83109eae31f232e5de95e5c8,Extended
Emily,Dodamead,41cb3e1a-e3cb-11e9-8a01-b3581826bb07,edodamead6@dedecms.com,7/13/1999,86 Thierer Point,(645) 8136663,296da216331e06fd7e5d467d1762053cacda5115bea48ce82f7a058ee50edcf1,multi-tasking
Craggy,Laidlaw,41cb6520-e3cb-11e9-8a02-57afa2523b81,claidlaw7@usgs.gov,6/13/1993,8 Esch Parkway,,c8093c295b807b15832305ac34633e23dd66e7f4a805c11502bdc140ee7b0898,website
Jarrad,Caldicott,41cb8c30-e3cb-11e9-8a03-dbd51052bfa4,jcaldicott8@opensource.org,6/21/1997,82 Blaine Way,(238) 6616326,24a9e092318d6d4f4819cf5c3ecf14a6cfb6e17b36516aa3b5a82c13250ff270,Reduced
Ginnie,Gruszecki,41cbb336-e3cb-11e9-8a04-43677fb14bc0,ggruszecki9@patch.com,12/8/1992,8 Glacier Hill Way,(580) 5993444,a688998ba66568d76cea066ab861c7ccb6b9d5776745bcd796bb769a7acedcc4,content-based
Sherlock,Goslin,41cbda3c-e3cb-11e9-8a05-7fa2617031bf,sgoslina@com.com,8/23/1996,760 Coleman Parkway,(182) 8760944,b1cd48fe08835d61abf0bd696d964d80ffb39a59b59e8468cc1c16a775cf3ae5,analyzing
Timothy,Kindley,41cc014c-e3cb-11e9-8a06-2fb7455a7f59,tkindleyb@de.vu,10/8/1998,17 Holy Cross Lane,(391) 7312314,ad65175ca2ed10e33853a732f6f8b7208f27b530dc40056cdea43810b9c05997,solution-oriented
Fredek,Philson,41cc285c-e3cb-11e9-8a07-afbbca2fd2fe,fphilsonc@xinhuanet.com,9/2/1999,567 Sauthoff Way,,28056fa35dc11d1d07f5f05bb3699853ce2cf0511e1a41a28f3039000a70e391,Realigned
Em,Worledge,41cc4f62-e3cb-11e9-8a08-b7c9602096b7,eworledged@tiny.cc,12/14/1993,70737 Logan Parkway,(810) 5348190,9536ed685b28585bfb5f0e0a05de0b1f5d09521202d157cd0236aff1e39bd150,Cloned
Lianne,Simoncello,41cc7668-e3cb-11e9-8a09-439415c24280,lsimoncelloe@deliciousdays.com,9/18/1996,2 Bartillon Court,(180) 7106433,6749d523481427b4bac94a806d7857f5ec63cbc44f903626a54fbc1d65278492,De-engineered
Nealson,Haw,41cc9d78-e3cb-11e9-8a0a-036c13af4d22,nhawf@webmd.com,8/14/1994,53 Dwight Way,(849) 3508653,0a6fb3d3ceaa3991f6320aae51e8031b82bedd517632d8704e7ff87d19bc3bb2,Phased
Alexina,Arrighetti,41ccc47e-e3cb-11e9-8a0b-8b9b82528182,aarrighettig@ameblo.jp,1/19/2001,57 Johnson Junction,(247) 2382543,c7badb643c780604bac50b8ec88f236f3cb064aa52100c832711e1e68d4ba22f,matrix
Gail,Itzhaki,41cceb84-e3cb-11e9-8a0c-c3389864ef29,gitzhakih@comsenz.com,5/6/1998,15 Michigan Drive,(286) 5241315,bd2c2411a2c2a2e93ea0ec8620c90569382d443ef7e5041069161774987c94a7,Triple-buffered
Tobe,Scoular,41cd1294-e3cb-11e9-8a0d-17771f4e6e52,tscoulari@jugem.jp,6/20/1991,12555 Mallory Park,,45080a590a1814b83f70d145dcba3484258630d03e9e96747b8710bbae2c2402,flexibility
Nikola,Anmore,41cd399a-e3cb-11e9-8a0e-cb47dda98c17,nanmorej@vkontakte.ru,2/10/1994,17240 Pennsylvania Trail,(586) 7030004,3db138b482085a85486a0b054a0ef9498e68171a4f9f5be4f8f23d36a90ce683,Cloned
Carita,Duffrie,41cd60aa-e3cb-11e9-8a0f-03a10b153918,cduffriek@independent.co.uk,2/23/1994,947 Quincy Lane,(321) 8308423,8ebb743f521cdc9995e235dfcd3b0207b0acc3cb627397034f3b004308a9cc35,Compatible
Hildagarde,Kimpton,41cceb84-e3cb-11e9-8a0c-c3389864ef29,hkimptonl@godaddy.com,4/17/1994,0188 Blaine Center,(373) 6052933,b22d47acbd0dc2cd28b5b0c680e2bf6a620c47afb53899e9f0680a276a93fada,methodology
Ula,Dhennin,41cd1294-e3cb-11e9-8a0d-17771f4e6e52,udhenninm@artisteer.com,3/28/1996,29 Bunker Hill Plaza,(842) 6648079,69bb4055273cc2ab3336502d03f798c6b779932e27a928a3498df5d31183ca94,challenge
Padraic,Groveham,41cd399a-e3cb-11e9-8a0e-cb47dda98c17,pgrovehamn@nasa.gov,7/29/1992,639 Arizona Terrace,(371) 6566281,363ec5e6a2b73c551e67bef35264f70c9e850d7eedead1a0708cb63b5f218866,Virtual
Coleen,Betho,41c9debc-e3cb-11e9-89fb-8f3d803af072,cbethoo@archive.org,8/24/2001,4718 Novick Trail,(199) 1112812,a8d1ab43ee226748dbf566a2c561521d1dcaf01f7d85d55d848d66970cc82d16,national
Cristie,Paraman,41ca7ae8-e3cb-11e9-89fc-436f6ffb800a,cparamanp@twitpic.com,12/24/1990,953 Stephen Trail,(610) 1877858,371855c9fb81e5e8a8d2b1ffa6972990eca7e9742f27b18719fbe2756726259b,Configurable
Sasha,Roja,41caa1ee-e3cb-11e9-89fd-87d79d61c5be,srojaq@baidu.com,12/7/1994,09 Linden Pass,(754) 6783851,b8940aa5868e91c54d42d993231475a54da5a96711ea95451f74755e749225c5,orchestration
Mozelle,Dinesen,41cac8f4-e3cb-11e9-89fe-3bf32d16afd2,mdinesenr@census.gov,2/28/2001,2227 Kingsford Trail,(627) 2489754,6f1c9d87fa0a334f01732bceed98d7107141b95c2db1b89f4fedb134bb3daa6b,frame
Lauretta,Sprulls,41caf004-e3cb-11e9-89ff-43e4f55510bf,lsprullss@gizmodo.com,3/19/1999,075 Wayridge Point,(644) 7844410,ba17d629ce63cc60d41bfa2a916f1b7e3a9d210d4f6bc3c1c34eb29e8fbed9e0,migration
Vivianna,Exposito,41cb170a-e3cb-11e9-8a00-a7129547fc7e,vexpositot@imageshack.us,3/12/1996,03397 Crest Line Hill,(289) 2664562,f0c24d208cf4117fa0bede8067bb80914d6dbbea268069276733deffd9532f44,standardization
Harwilll,Le-Good,41cb3e1a-e3cb-11e9-8a01-b3581826bb07,hlegoodu@devhub.com,4/30/1992,49 Novick Way,(976) 3209899,8a91e3fdaa20760f31bd8b728a88713b11a1be4e471514b1712558530b179917,Right-sized
Marnia,McKeller,41cb6520-e3cb-11e9-8a02-57afa2523b81,mmckellerv@weebly.com,5/10/1996,673 Buhler Drive,,dbc1c2ff610e01730cc6c1ebedffb95b8100f403eb99d4e96058e4864fb8c9a1,4th generation
Tallie,Moreing,41cb8c30-e3cb-11e9-8a03-dbd51052bfa4,tmoreingw@irs.gov,2/15/2001,2779 Union Drive,,456ecbf9dcad38f88457071373dd6585be0d198610af6bd2b796bcbeed4aae0e,contingency
Pierette,Gynni,41cbb336-e3cb-11e9-8a04-43677fb14bc0,pgynnix@cbslocal.com,3/4/1997,6087 Kim Parkway,(634) 2690840,4abae3e09219b419b11538b3a57e6c83a30dd791767cd2026a919ea7878a1735,Reverse-engineered
Karalynn,Brattan,41cbda3c-e3cb-11e9-8a05-7fa2617031bf,kbrattany@so-net.ne.jp,1/26/1995,3850 Lakeland Trail,(498) 7413339,95777b9dc212a726a76a55ae410687bcff39a70cd8a7e41ec9b7e6a619508fbd,matrix
Lottie,McIlhone,41cc014c-e3cb-11e9-8a06-2fb7455a7f59,lmcilhonez@nydailynews.com,11/28/1999,32 Holy Cross Parkway,(326) 1012885,be753d62997a843ad92a3da5fc2dd32f4060f4f7036afd25e0d36a3ee3268763,full-range
Thorndike,Kybbye,41cc285c-e3cb-11e9-8a07-afbbca2fd2fe,tkybbye10@chicagotribune.com,12/5/1996,8 Tennyson Pass,(402) 2220009,f9ae7ee4990495868a00a47721019f92dd594f567fac121201415dc4be07bc3f,Distributed
Jessie,Caine,41cc4f62-e3cb-11e9-8a08-b7c9602096b7,jcaine11@usgs.gov,11/18/1996,4 Moulton Terrace,(943) 7345985,f63d18dab2a2fdbe168d089f895873f329c3b0bfc5ed6b1a4c47bd04f9b9e823,system-worthy
Thibaut,Behnecken,41cc7668-e3cb-11e9-8a09-439415c24280,tbehnecken12@csmonitor.com,1/2/1991,25273 Upham Crossing,(685) 6889876,efd797a899703a4e483533bd9de361e59a5d8a60a735d4885f10586df235ad31,mission-critical
Rachel,Yuryshev,41cc9d78-e3cb-11e9-8a0a-036c13af4d22,ryuryshev13@topsy.com,1/11/1996,91408 Linden Drive,,c99f1b0e3da21f431d974afd120f671dfc4c3f6e9f231293fa39e58c4c2c5797,Persistent
Hercules,Delacote,41ccc47e-e3cb-11e9-8a0b-8b9b82528182,hdelacote14@squarespace.com,8/6/1999,25475 Caliangt Alley,(774) 6544039,e0b04d87a146fd9f864b317b95e0e710e65b8d0a59a937548a6ab5c3374fa073,internet solution
Rancell,Meredyth,41cceb84-e3cb-11e9-8a0c-c3389864ef29,rmeredyth15@cbslocal.com,1/16/2001,213 Marcy Plaza,(915) 1294475,7ee0ee26b7da6c6fd3aa4648212e8deaeb4ea82406410069c4c64e5049c0fcec,Re-contextualized
Bernardo,Stanwix,41cd1294-e3cb-11e9-8a0d-17771f4e6e52,bstanwix16@rakuten.co.jp,11/23/1993,5 Butternut Road,(141) 2917630,a93f7e8fd84cd5d1984827e188f3256e9646eba3f79996ea5e2a38a4c9565ea1,Cloned
Jeannine,Colum,41cd399a-e3cb-11e9-8a0e-cb47dda98c17,jcolum17@microsoft.com,9/20/1994,674 Clemons Terrace,,940d3dad4656d4c139d28a00b5199e122fde76ad0b400cac566f331ec40b4740,executive
Lewie,Losselyong,41cd60aa-e3cb-11e9-8a0f-03a10b153918,llosselyong18@statcounter.com,9/3/1998,3 Westport Court,,d814aae1507ce107ef01f7f853f9fff32e3f1db91fcbb159189cba5c8ca086ff,service-desk
Guendolen,Emm,41cd87b0-e3cb-11e9-8a10-c7d02038b449,gemm19@oaic.gov.au,7/11/1993,9292 Chive Court,(816) 6950823,077ad65cd09fc5d5e485549221fb7ad0a44bbb56d182fdb123e314b9023fdd22,demand-driven
Korey,McBrearty,41cceb84-e3cb-11e9-8a0c-c3389864ef29,kmcbrearty1a@smh.com.au,5/12/1993,16 Clyde Gallagher Court,,00c88ce43f637fe8c55c1120baceb5df2845d864a788fc25187212a5ccf2cf56,Cross-platform
Iver,Stuer,41cd1294-e3cb-11e9-8a0d-17771f4e6e52,istuer1b@indiatimes.com,8/6/1995,12 Packers Park,(375) 2056377,81656f25a9d1f764a7ea41ba310235eceabca67d8ac595da03a09b23ea6d088d,cohesive
Wain,Arzu,41cceb84-e3cb-11e9-8a0c-c3389864ef29,warzu1c@domainmarket.com,7/19/2001,2 Sachtjen Alley,(338) 1078247,29bda743721454e159294a9db167ef440643547d9ffaf17d9d2f4196cc498b9b,Synergistic
Aggie,Weadick,41cd1294-e3cb-11e9-8a0d-17771f4e6e52,aweadick1d@so-net.ne.jp,3/21/1991,750 Sauthoff Street,(781) 4957258,37e1ce2ec23c29d5aeb290a463a52e9c59c02f1e198da3931460169441359a0b,functionalities
Pepito,Benza,41cd399a-e3cb-11e9-8a0e-cb47dda98c17,pbenza1e@yahoo.co.jp,7/21/2000,7 Crowley Center,(173) 1146851,f280a2f262f2a9e29de9ef4d43b66d090205fa2e760f3581f03741e75e49a790,intermediate
Devon,Pennone,41cb6520-e3cb-11e9-8a02-57afa2523b81,dpennone1f@photobucket.com,7/20/1995,841 Evergreen Parkway,,0bc3448d4a36554d2646deabc7c6d775420ea3cecc0f3bf3afacb496eae45f10,Face to face
Rosalynd,Juszczyk,41cb8c30-e3cb-11e9-8a03-dbd51052bfa4,rjuszczyk1g@foxnews.com,2/22/1991,51 Waxwing Crossing,(590) 2616011,800bb80d7801c01479c6e2049969665cbc326daf4d2c6a5bf3e17baf514bc9a1,Business-focused
Ruddy,Sorley,41cbb336-e3cb-11e9-8a04-43677fb14bc0,rsorley1h@uol.com.br,1/4/1993,569 Dwight Terrace,(572) 8956027,8c6f63496748ff51a2d9617d1141149dc54b14479c03c04956cdc0a7feaada6a,paradigm
Wallache,Frickey,41cbda3c-e3cb-11e9-8a05-7fa2617031bf,wfrickey1i@tamu.edu,6/6/1997,91262 Union Center,,559cec5724da53686b8db695f991287afdab57203bdf6bd66a1cff58aa870cd4,well-modulated
Ingeborg,Claussen,41cc014c-e3cb-11e9-8a06-2fb7455a7f59,iclaussen1j@xrea.com,5/2/1998,57 8th Pass,(921) 9816918,181ff0e14abb07ce4cd2ae16fc4b93c32a1e389b8c54a1c81d5ff786e269a6d8,logistical
Mufi,Gaish,41cc285c-e3cb-11e9-8a07-afbbca2fd2fe,mgaish1k@paginegialle.it,11/9/1996,4 Cardinal Park,,6247e24479b7efdfbe8b12bb185e2f37072952f5f6f955e65c7f542295930bad,bi-directional
Donnajean,Highnam,41cceb84-e3cb-11e9-8a0c-c3389864ef29,dhighnam1l@booking.com,4/3/1995,19916 Mesta Hill,(249) 1203624,f4e23bf366c0f7c4f2cc5b344a38a77c0dff98bed5aa89b494ff2b343926848a,Front-line
Gussi,Ditchburn,41cd1294-e3cb-11e9-8a0d-17771f4e6e52,gditchburn1m@thetimes.co.uk,1/3/2001,377 Utah Street,(171) 6720732,f2e8b26ce8677c35a17579b426f0943309950e3a431df7880d1c7b63c4bee534,human-resource
Hal,Christy,41cd399a-e3cb-11e9-8a0e-cb47dda98c17,hchristy1n@sina.com.cn,12/5/1998,1715 Kensington Trail,(801) 4683518,d9afe5600f0709e3591591c26e9ea3f7408c622e1f7c28ad0848a97f859ee49c,parallelism
Kristina,Kirsop,41cb8c30-e3cb-11e9-8a03-dbd51052bfa4,kkirsop1o@woothemes.com,1/31/1994,34 Namekagon Junction,,7a1052eb8205fc62c5826a89929522c737b9ce947862696ddf5b4bd066cbdafd,forecast
Riva,Dorkins,41cbb336-e3cb-11e9-8a04-43677fb14bc0,rdorkins1p@dot.gov,1/8/1997,6 Moland Alley,(962) 6590799,65c465b0af3d8da93983c570f5cb322ecf870038231d4ac02410e367a453698c,user-facing
Carmela,Heaney,41cbda3c-e3cb-11e9-8a05-7fa2617031bf,cheaney1q@reddit.com,10/11/1995,94 Trailsway Court,,6260499aabdbee64666e12972100b931a38ac2578fd2a2a59132288738f46874,approach
Morry,Wellsman,41cc014c-e3cb-11e9-8a06-2fb7455a7f59,mwellsman1r@columbia.edu,6/28/1992,31 Dunning Terrace,(558) 1070229,9f852592bd8796fbf6ac1a911f970390d55d823b13122be8290780b78ee64ed7,Operative
Ema,Heamus,41cc285c-e3cb-11e9-8a07-afbbca2fd2fe,eheamus1s@stumbleupon.com,10/21/1992,9 Fairfield Center,(124) 2318521,a411d3103d136c9524b689f22ec055069a6de47be21f67d6489fd879eb74b687,Exclusive
Mimi,Newvell,41cceb84-e3cb-11e9-8a0c-c3389864ef29,mnewvell1t@naver.com,9/8/1996,6 Caliangt Terrace,(141) 4210112,db5f34d838c006991c25629f804b1338d316e7346125749b99e7f0ec68859276,Total
Shay,Leavy,41cd1294-e3cb-11e9-8a0d-17771f4e6e52,sleavy1u@walmart.com,11/17/1995,15 1st Lane,(170) 5301606,62d36fb9b63f5f548622c96ade24e27d63d5334b0d059d1ebede50b04b7ad6db,moderator
Paolina,Steeden,41cd399a-e3cb-11e9-8a0e-cb47dda98c17,psteeden1v@woothemes.com,4/10/1994,54 Schlimgen Circle,(642) 2498221,955ea71876184236433a2e664f3b5679f4b05911dc850990bb8d8ccb665adf5f,intermediate
Ambrosi,Garthshore,41cb6520-e3cb-11e9-8a02-57afa2523b81,agarthshore1w@amazon.com,7/23/1992,9225 Express Junction,(660) 1693509,92f3efcaf1663ac58d7e8b8a74820c8d7df11aae90981203c55803226f4da00f,client-server
Brita,Rykert,41cb8c30-e3cb-11e9-8a03-dbd51052bfa4,brykert1x@privacy.gov.au,4/17/1997,51 Old Gate Street,,22c911e6ba788a807e91a7f62740873e01c01d5fcc4bead676b53c7b8ac26dc7,projection
Benito,Tolomelli,41cbb336-e3cb-11e9-8a04-43677fb14bc0,btolomelli1y@ibm.com,4/25/1999,5 Weeping Birch Point,(426) 8316304,188e77731b183bc939fe46f07dd064f8ba1c8dc6d3cb23cfa33d0a11768b4571,Progressive
Austine,Harnott,41cbda3c-e3cb-11e9-8a05-7fa2617031bf,aharnott1z@narod.ru,4/20/1991,2335 Milwaukee Street,(371) 5628218,6502dec58cc950792714f737ea17b6794cf6b2cf55ace83a80903948946bb1d1,info-mediaries
Farris,Jauncey,41cc014c-e3cb-11e9-8a06-2fb7455a7f59,fjauncey20@51.la,11/2/1992,0 Sachs Junction,(258) 7054256,b5ad48b651bba135ad5d30a8e5b75fbab3d6e1b518c813785f3d80ebb66cf019,Mandatory
Nisse,Tewnion,41cc285c-e3cb-11e9-8a07-afbbca2fd2fe,ntewnion21@huffingtonpost.com,3/11/1999,46 Dayton Trail,(346) 7471279,735982719f4d9bcb79bfaceb8a3edd8424cb2655636b13be5e13b85dcdcf3476,Face to face
Adolphus,Zielinski,41cc4f62-e3cb-11e9-8a08-b7c9602096b7,azielinski22@dyndns.org,1/31/2000,477 Arrowood Avenue,(893) 1814354,a42d7183aaf069f3efb47b5946146d50498e34fb0db59ab22815cc097180351f,regional
Lauren,Reavey,41cc7668-e3cb-11e9-8a09-439415c24280,lreavey23@unblog.fr,8/29/2000,42903 Fairfield Plaza,(216) 2073049,0db9c50304f2be255151c032bbc48c412e8e4d0eb30799938b0ab3ac96ec435f,Horizontal
Gilda,Fennell,41cc9d78-e3cb-11e9-8a0a-036c13af4d22,gfennell24@toplist.cz,6/1/2000,9 Ryan Crossing,(740) 9939344,a014ef2a59c4de79a53d4ac148fe6e696e567bb1e5f2b6ba619f7d1fc287d60e,Ameliorated
Alexandre,Peddar,41ccc47e-e3cb-11e9-8a0b-8b9b82528182,apeddar25@ycombinator.com,5/15/1994,221 Elka Point,(162) 4025623,2dafa15c5a117b14ec47b02186e8b2d213a6f2159fe494ce347ed29396b1a62d,Customer-focused
Garrett,Bernardon,41cceb84-e3cb-11e9-8a0c-c3389864ef29,gbernardon26@de.vu,4/3/1993,6670 Coleman Crossing,,ef8317fc19c3b31031fb18e825d1fc5909f0ab5bfba5ea34fe66ab139059b64d,Enhanced
Tamqrah,O'Hannigan,41cd1294-e3cb-11e9-8a0d-17771f4e6e52,tohannigan27@ihg.com,5/18/1998,4 Pennsylvania Plaza,(359) 9092014,de27cb037798b34c37f558add4ca8b50d55de7c1cf948f098f0afe16c1361c4b,Focused
Kamillah,Sinnock,41caa1ee-e3cb-11e9-89fd-87d79d61c5be,ksinnock28@sohu.com,3/30/1993,10 Tomscot Point,,6c4df694bcef658a2c73477d45752cc23fdaa33c070fb5b75cf98c2751eddeec,Visionary
Grantham,Brogden,41cac8f4-e3cb-11e9-89fe-3bf32d16afd2,gbrogden29@rambler.ru,8/27/2001,9617 Riverside Parkway,(197) 9139172,6ba5368fbdf3d77d5ddd0e89742f4f392e356d13d7b075de4e6d401e038be72f,Monitored
Erich,Bhar,41cb6520-e3cb-11e9-8a02-57afa2523b81,ebhar2a@reuters.com,11/8/2000,30 Menomonie Road,(317) 9741969,f8c574dbd064b7c6324bc4f9155b616d740dc10b36b414da98cd2f2f91e80c8d,optimizing
Jillene,Prendeguest,41cb8c30-e3cb-11e9-8a03-dbd51052bfa4,jprendeguest2b@goo.gl,3/1/2001,33862 Harper Drive,,2e40412f2bc403352d30192e091080cd7c5de9c9f7aae7d946ba3d4053a130c2,Right-sized
Katrine,O'Donovan,41cbb336-e3cb-11e9-8a04-43677fb14bc0,kodonovan2c@facebook.com,10/28/1998,514 5th Terrace,(319) 2244923,86de71edc6c1a169e3bfdaa71e956b78280afcb574bd73c074c79e5dbbc197d9,Open-architected
Otes,Seldner,41cbda3c-e3cb-11e9-8a05-7fa2617031bf,oseldner2d@g.co,9/17/1994,11891 Village Road,(197) 2500109,e0033ac9d3c9b43d174b1c3972f1d396f00d60efdc5c7a7a9f269f6e4e4856e2,value-added
Ashia,Goudie,41cc014c-e3cb-11e9-8a06-2fb7455a7f59,agoudie2e@cornell.edu,8/13/1993,13318 Duke Trail,(536) 2632418,c09f737576ef9265101bcc3f8064c57f4c04e09956167f3bdc9128ceb6c16dcf,explicit
Barthel,Knappett,41cc285c-e3cb-11e9-8a07-afbbca2fd2fe,bknappett2f@jugem.jp,12/13/1999,39 Ramsey Terrace,,f8fb6f9a7dee8588e7489ae67d3424a37a817b1447a4f09d12a12e69880649b3,fault-tolerant
Cristen,Fullstone,41cc4f62-e3cb-11e9-8a08-b7c9602096b7,cfullstone2g@engadget.com,1/29/1995,2 Acker Pass,,818e39c8d221a4b2c34484cb6b7915d1aa8eab62fd8038f8305191734240ab39,info-mediaries
Lawrence,Crunkhorn,41cc7668-e3cb-11e9-8a09-439415c24280,lcrunkhorn2h@topsy.com,2/19/1997,31 Westerfield Way,(465) 4488955,a2c23cf0bd01952352c74463b7583fc897c0077b222bdd0523c2ecae44c2c28b,policy
Beniamino,Riteley,41cc9d78-e3cb-11e9-8a0a-036c13af4d22,briteley2i@scribd.com,3/23/2001,5908 Lakewood Parkway,(291) 1968699,7c9e7cbd1d805d6bfa1a61baee73d12c898a9d4132cb2107741d4b798d5e7e2f,Optional
Helge,Gooderridge,41ccc47e-e3cb-11e9-8a0b-8b9b82528182,hgooderridge2j@netlog.com,8/31/1992,5875 Dottie Parkway,(865) 5795455,44ec623436513efad6ecdf30a85ab386b2102f31cb6ce46f446bd25a99803fbb,Total
Clair,Behling,41cceb84-e3cb-11e9-8a0c-c3389864ef29,cbehling2k@tumblr.com,5/13/1998,0 Continental Road,(984) 5986097,33ba74d29b9ac753022f6c869b795ad3cfd599663c415af86686754464409a6b,orchestration
Morganne,Craster,41cd1294-e3cb-11e9-8a0d-17771f4e6e52,mcraster2l@mtv.com,1/8/2001,1 Roxbury Terrace,(386) 3189029,bbb846ccd1e903b725da0447572f8331827085ed49eee5cf47c90eed3326ddfe,customer loyalty
Free,Whimp,41caf004-e3cb-11e9-89ff-43e4f55510bf,fwhimp2m@jalbum.net,7/17/2000,9896 Bellgrove Court,(892) 8141705,89c1bdfd0bdd9b19c00195aea28b58e53b808c49e8cdd878a04d09b6b1519445,Optional
Hadria,Grimm,41cb170a-e3cb-11e9-8a00-a7129547fc7e,hgrimm2n@sina.com.cn,6/20/1998,7 Jackson Crossing,(242) 4179240,573198d0a3d0c70f4396a4c03bacdb62b9cfdc9970c20cab1fafa5ed7a922a0f,archive
Kelly,Mockford,41cb3e1a-e3cb-11e9-8a01-b3581826bb07,kmockford2o@weather.com,2/16/2001,84 Northwestern Way,(571) 6114735,2e786de4b918cceafd8b57db8f346ed9cf850cee3f2032665402c0c2febb0926,directional
Toma,Beckford,41cb6520-e3cb-11e9-8a02-57afa2523b81,tbeckford2p@netscape.com,9/21/1992,2 La Follette Road,,d72c396b51c6b2ce6dbba6ee2f98f48aa9db46f716d196eec008ac88fd09b752,global
Cary,Peters,41cb8c30-e3cb-11e9-8a03-dbd51052bfa4,cpeters2q@twitpic.com,7/19/1997,2 Farragut Court,,625a6b9f80ce9bce784083c3ee5348d7174a67f3633a51be942c259dc12a742c,hardware
Charis,Greswell,41cbb336-e3cb-11e9-8a04-43677fb14bc0,cgreswell2r@ucsd.edu,7/2/1991,2 Mifflin Alley,(596) 2692004,cf4bbdcf5c168a9498e20c46022ca46e09ff0e80927a4d282b8c9bf88ba4182d,projection
Boyd,Peacher,41cbda3c-e3cb-11e9-8a05-7fa2617031bf,bpeacher2s@indiatimes.com,1/13/1996,59 Fair Oaks Junction,,1d7d94275f8223f548615ca46f4f8dcc8a65177852528d1c7ae9f7b9dabe66cc,Synergistic
Torrin,Glusby,41cc014c-e3cb-11e9-8a06-2fb7455a7f59,tglusby2t@nasa.gov,8/12/1996,71494 Monument Pass,,b8010f63b7c65fede8898bdbaa4d2758d6b9e15b368512400221a192bb60cc48,Distributed
Erika,Horder,41cc285c-e3cb-11e9-8a07-afbbca2fd2fe,ehorder2u@ftc.gov,10/7/2000,7 Waywood Terrace,(888) 8050036,b0392ba3889e2d9a2463093e144e66fe0a1626d8e4d5828407ae60f7ba517eb7,contingency
Eachelle,Joist,41cc4f62-e3cb-11e9-8a08-b7c9602096b7,ejoist2v@slideshare.net,12/29/1999,0304 Upham Avenue,,df498ed956c92c7da2968b74f0fdb7894cd9c462d0f338bc31ac785779bf115f,Reverse-engineered
Sherie,Heinz,41cc7668-e3cb-11e9-8a09-439415c24280,sheinz2w@github.com,6/29/1999,28268 Bluestem Court,(124) 1322959,7a24030878db43091efe97d76231c05427ffc0056603b424e8d54c4fb1e98d95,regional
Corrie,Lombardo,41cc9d78-e3cb-11e9-8a0a-036c13af4d22,clombardo2x@home.pl,2/24/1997,6853 Walton Terrace,(556) 4509290,0a2433d32235ef6bf8b9d1fac7f80b5362fba85b9c9930f876657dedc15de09c,actuating
Jareb,Galland,41ccc47e-e3cb-11e9-8a0b-8b9b82528182,jgalland2y@biglobe.ne.jp,10/3/1990,3511 Continental Court,(340) 8519513,1ea4b85d6ac419e9b0eaf3a4530b8ab47fbe7ca443ca5f18cc85c16d8f59df41,disintermediate
Audrie,Greatbanks,41cceb84-e3cb-11e9-8a0c-c3389864ef29,agreatbanks2z@wikimedia.org,3/24/2001,9091 Ridge Oak Parkway,(110) 9637216,bebf849b7b5b5d6a715522273cf94e1b490cdcfb98d8f24409d34a954c17fa78,benchmark
Ava,Pankettman,41cd1294-e3cb-11e9-8a0d-17771f4e6e52,apankettman30@deviantart.com,8/7/1997,800 Division Pass,(137) 7602686,2079e0bda1b0faabf0a5e0d8d1fa85b92563ce9962e0b55609fb642d009134de,matrices
Merle,Chitty,41cd399a-e3cb-11e9-8a0e-cb47dda98c17,mchitty31@w3.org,10/17/1999,3 Paget Way,(751) 5953100,cf1569f002a7ca4e9ad347d48cb858f193d4fcde6927bf0acb58bca54241a3e5,human-resource
Rubi,Jahner,41cd60aa-e3cb-11e9-8a0f-03a10b153918,rjahner32@ebay.co.uk,5/24/1991,95372 Helena Court,,9e16b1e16655a241232362e12a389a1a30a3aebb1956ef1655e7ab49a940ee00,access
Clarita,Morlon,41cd87b0-e3cb-11e9-8a10-c7d02038b449,cmorlon33@comsenz.com,9/30/1997,982 Schlimgen Drive,(528) 9517801,a6fba6136724877cb81e248c7d3b74eb26273accc031aabe139a68d6b1481372,Open-source
Aurthur,Lahiff,41cceb84-e3cb-11e9-8a0c-c3389864ef29,alahiff34@forbes.com,8/11/1993,78 Cascade Street,,38dad0705fde96759a91317bfc453bae76910ee2fef799c5e72d9acceb596737,non-volatile
Audie,Vanyushin,41cd1294-e3cb-11e9-8a0d-17771f4e6e52,avanyushin35@deviantart.com,9/2/1995,60194 Pine View Lane,,825e04e55b4526bb87c7ce8ba84b1cdce15b0daf5b74df0fec41a299ad7ea002,Business-focused
Whitney,Ghelarducci,41cceb84-e3cb-11e9-8a0c-c3389864ef29,wghelarducci36@cyberchimps.com,1/31/1992,76716 Raven Way,(237) 8037869,008f111372ad07b2667162bf8c1516d8e4aa4d773e83ec778a26d2c174a7ae10,background
Flossi,Foucar,41cb3e1a-e3cb-11e9-8a01-b3581826bb07,ffoucar37@dot.gov,9/21/1991,10851 Melody Court,(923) 8273579,06d61580c0428d5efcae9b70f07308d3346e470f74bded7beb3d6299fbe49017,success
Sybille,Batchelor,41cb3e1a-e3cb-11e9-8a01-b3581826bb07,sbatchelor38@so-net.ne.jp,12/12/2000,681 Montana Point,(546) 1098432,ce34c3731a32f664d82e8605f2db83bc88e2e3b6a80957e8d52b3686c2690a9a,Networked
Alberta,Tander,41cb3e1a-e3cb-11e9-8a01-b3581826bb07,atander39@examiner.com,1/29/1994,9 David Point,(954) 8538887,73e3bacbaf41c2cd63ac55ca14baf1183c9ae44e2eaad32ee52c644998f7b158,focus group
Rafi,MacGuiness,41cb3e1a-e3cb-11e9-8a01-b3581826bb07,rmacguiness3a@arstechnica.com,2/8/1995,252 Sauthoff Parkway,,7e21c753f7b9ccf17474e00d21a3071065dadb062f3bda5042d0b439ac704d2a,Right-sized
Keely,Gatherer,41cd399a-e3cb-11e9-8a0e-cb47dda98c17,kgatherer3b@stumbleupon.com,6/15/1996,03 Muir Park,(463) 1041745,01edcb477c51ec3284730e1f73235012e6b330d97cea59e648f478410b676623,executive
Amalle,Morhall,41cb6520-e3cb-11e9-8a02-57afa2523b81,amorhall3c@wikia.com,1/30/2001,298 Carberry Plaza,,4d381f12ace7b5ade342e3689b9ec045f5f94a75f512e75763e8c35a4b204499,Customizable
Edee,Frith,41cb8c30-e3cb-11e9-8a03-dbd51052bfa4,efrith3d@ox.ac.uk,7/27/1997,13740 Carioca Plaza,,d2eb05b7f055b79d6d423227d3fa9adcbe1d53bce9d2b66b6db4c212daafabc4,workforce
Ailina,Brounfield,41cbb336-e3cb-11e9-8a04-43677fb14bc0,abrounfield3e@house.gov,4/28/1994,90 Mallory Center,,8baa8a4b8dfde6aa04f81389beb21008473de140cc2f635ea6509e4670199d13,Ergonomic
Cate,Schoolcroft,41cbda3c-e3cb-11e9-8a05-7fa2617031bf,cschoolcroft3f@independent.co.uk,2/9/1994,067 Melby Park,(724) 7216424,9a43bd072c45dec3fdb445d52f80131ab44f544cf3b0a8017c167ee57311b5b8,access
Ulises,Langtry,41cc014c-e3cb-11e9-8a06-2fb7455a7f59,ulangtry3g@whitehouse.gov,8/5/1994,2475 Paget Avenue,(800) 2202838,939aa2bd5dec6b0c7e609a73daa3813cc2f0531f5608c953702b499be5673479,circuit
Cyrill,Sedwick,41cc285c-e3cb-11e9-8a07-afbbca2fd2fe,csedwick3h@latimes.com,4/20/2001,088 Lillian Point,(494) 2668224,62d58f37dc92b2e9e2959788f9a185cb35ce449e5eca9a3ae87b5a8499e6db58,incremental
Sigvard,Kesper,41cceb84-e3cb-11e9-8a0c-c3389864ef29,skesper3i@mit.edu,10/5/1990,0229 Heffernan Road,,bdf375166b07ede091e6bef6e1dd20ea2b00c8e2116bb5a03e929f63664a0795,Cross-platform
Stanford,Bineham,41cd1294-e3cb-11e9-8a0d-17771f4e6e52,sbineham3j@bloglines.com,4/23/2001,677 Delaware Place,(981) 9123588,f612bea639a73849f4da4368151748199ca67ed53dc41667646a457dd4641086,Proactive
Nessy,Tipling,41cd399a-e3cb-11e9-8a0e-cb47dda98c17,ntipling3k@cam.ac.uk,7/13/1995,37429 Steensland Center,,8fc8d07e26ac970323d41d9619a9a9929cfc90eacab55acceeec7ea35df8295e,Universal
Kerry,Ellaway,41cb8c30-e3cb-11e9-8a03-dbd51052bfa4,kellaway3l@amazon.com,6/23/1994,8 Lakewood Gardens Drive,,b0b2ed1be0d6ba843291070d683d67fbca95be477d10466507a393c96d6230c1,object-oriented
Lynea,Daintry,41cbb336-e3cb-11e9-8a04-43677fb14bc0,ldaintry3m@qq.com,10/14/1998,7425 Schurz Park,(197) 5093773,5d94547c1ddd2b21a0936936c9cb48a233d5547ba7540a9e76394836c9e2d408,object-oriented
Wilhelmine,Normanvill,41cbda3c-e3cb-11e9-8a05-7fa2617031bf,wnormanvill3n@blogtalkradio.com,9/3/1999,9 Michigan Center,(435) 1945185,173ad9cec85afb0c5fc0a08856446403b61c388b8d052ad2e330acb49d93d162,Optimized
Carrie,Praton,41cc014c-e3cb-11e9-8a06-2fb7455a7f59,cpraton3o@hao123.com,9/9/1999,50824 Dexter Road,(505) 7067732,f54c348ffdb43804186dfaafc24c19922641fd56199590626f2e4f6275494518,transitional
Torie,Sayburn,41cc285c-e3cb-11e9-8a07-afbbca2fd2fe,tsayburn3p@wikia.com,7/24/1997,336 Delladonna Parkway,(773) 5733318,7f9cfa323f5e5eaef0e4e33dff34bb0243fc64fdd80e56c23d1243bcb52ed864,Upgradable
Annabal,Leyman,41cceb84-e3cb-11e9-8a0c-c3389864ef29,aleyman3q@yolasite.com,8/20/1999,4 Rigney Court,(275) 9387367,f30f89fffb2380420e9bf8c89fcc2edfbe3daaf23733a25c3d23ab6f3b6c1507,Ergonomic
Harcourt,Stebbings,41cd1294-e3cb-11e9-8a0d-17771f4e6e52,hstebbings3r@posterous.com,9/1/2001,81290 Mandrake Hill,(852) 8803013,bf6e23fb7914bb6308cc51a56581c139a8f7cbcce9d0aecc112ba0c1ba97383a,Customer-focused
Amata,Onraet,41cd399a-e3cb-11e9-8a0e-cb47dda98c17,aonraet3s@cyberchimps.com,5/25/2000,03 Manufacturers Parkway,(554) 8768464,86eb23b0c1d1fa0df11fb5f4bb504bc9cc7035302b6f9e82bd5910d030911fb8,Triple-buffered
Casper,Ivashov,41cb6520-e3cb-11e9-8a02-57afa2523b81,civashov3t@cafepress.com,5/23/1996,3 Jackson Pass,,dbba43d3d5d72fac34af5ff836345accb394347e23cb294054e08acb44859334,homogeneous
Anatollo,Szymanski,41cb8c30-e3cb-11e9-8a03-dbd51052bfa4,aszymanski3u@bbb.org,1/5/2001,6996 Mariners Cove Parkway,(579) 8325179,588e2d62231058f5b0b271e0e61fa6b293f798fa4fae4e788125888024377023,forecast
Maren,Wainscoat,41cbb336-e3cb-11e9-8a04-43677fb14bc0,mwainscoat3v@oakley.com,11/11/1991,21 Straubel Way,,99adb4fb2b99b4436abce6b9b8dd836342736ace516759fb3af0ceb390d9d69c,Optional
Bastien,O'Crevan,41cbda3c-e3cb-11e9-8a05-7fa2617031bf,bocrevan3w@yellowbook.com,2/2/1997,43 Pawling Center,(842) 7397237,128055eb3454c5acdc7c900f78a3856bb29c663fdbd144f920a8034fa9375f9c,website
Tawsha,Monkleigh,41cc014c-e3cb-11e9-8a06-2fb7455a7f59,tmonkleigh3x@baidu.com,6/7/1999,37146 Kipling Alley,(466) 7654778,8a383747f250540aaa1bcaebada2b8abcb3a497d05e0810ee677c79740d91968,Future-proofed
Garry,Gerrans,41cc285c-e3cb-11e9-8a07-afbbca2fd2fe,ggerrans3y@scientificamerican.com,2/21/1997,3356 Amoth Place,(561) 1287663,55ed03229e5947ca76d7f6fdcbf88f2df0860d5528df20a590d476db8c2daff0,Streamlined
Bernardine,McFie,41cc4f62-e3cb-11e9-8a08-b7c9602096b7,bmcfie3z@linkedin.com,8/28/1998,24 Ohio Way,(121) 6817904,125440c51b48b6cdd4dc3c9691c80b16b49f64ca17446b882113abeeb5fea46f,Business-focused
Erastus,Burmingham,41cc7668-e3cb-11e9-8a09-439415c24280,eburmingham40@umn.edu,2/7/1991,0 Prentice Court,(370) 5825629,c49bfb7c055c7612207eea234b69d7a11e5007fb233f3bb24fa97f9a471d904a,service-desk
Leonard,Triggel,41cc9d78-e3cb-11e9-8a0a-036c13af4d22,ltriggel41@artisteer.com,8/31/1995,11550 International Avenue,(512) 7733085,faefd1202e3eb65a1e240b033be26a3dba1f4d6bb15196bd6d397d5580f59e63,composite
Purcell,Meggison,41ccc47e-e3cb-11e9-8a0b-8b9b82528182,pmeggison42@biglobe.ne.jp,8/18/1993,6581 Meadow Valley Parkway,(135) 1605009,506bebfb9a93dec5457ea2747cecc8b876cbc6cc1f35967d4420d81e779322a6,local area network
Talbot,Naismith,41cceb84-e3cb-11e9-8a0c-c3389864ef29,tnaismith43@unblog.fr,8/16/1996,71 Brentwood Lane,(550) 9840419,6c983390228f42642c8138422bde25b164427e0522e384dd88def52d0ff7e012,local area network
Ezri,Mote,41cd1294-e3cb-11e9-8a0d-17771f4e6e52,emote44@discuz.net,6/12/1992,411 Nancy Crossing,(713) 2449686,c7bb3fc422f6f1744df296cc359bdccbb66e26969bdd51d1fd8e85248f697a0b,array
Kat,Whickman,41caa1ee-e3cb-11e9-89fd-87d79d61c5be,kwhickman45@nih.gov,2/21/1998,26 Spenser Parkway,(826) 4614151,0d213817b11be28131e12c787129008ce71e0f892e51e3d0f3b8c891c10f5142,system engine
Rosemaria,De Blasio,41cac8f4-e3cb-11e9-89fe-3bf32d16afd2,rdeblasio46@home.pl,6/20/1998,86 Grover Road,(502) 7824598,ba0143c4d9198916cbab990680bff9d73e69ee1c760f997e5defb15acf0594ce,Enterprise-wide
Sheilakathryn,Duckerin,41cb6520-e3cb-11e9-8a02-57afa2523b81,sduckerin47@cnet.com,10/28/1993,53487 Menomonie Circle,(413) 6402969,c3b22444381936a89ea53742f1eba6ffc5acb757cdad8d55d00e1b1136144cb1,Face to face
Daron,Coton,41cb8c30-e3cb-11e9-8a03-dbd51052bfa4,dcoton48@amazon.co.uk,1/16/1994,594 Holy Cross Terrace,(125) 1945582,1347562c6c574420955c0cce1671a9bc3de5ec5ed6314f57a4f15a7ce74ea18d,user-facing
Graig,Burrell,41cbb336-e3cb-11e9-8a04-43677fb14bc0,gburrell49@netvibes.com,9/6/1993,007 Gerald Junction,(539) 3789871,35ca244fa0f6f343c6057b707080a193cbcbb93be72a7e9c2733d3f02c18aca7,Phased
Cheslie,Crowch,41cbda3c-e3cb-11e9-8a05-7fa2617031bf,ccrowch4a@usnews.com,3/7/1998,6338 Coolidge Lane,(488) 3580706,377652c52089271b3a512c6b6eaed5e8f573baa1fa485fd4d7f00a6fe7f7e297,optimal
Shelby,Nobbs,41cc014c-e3cb-11e9-8a06-2fb7455a7f59,snobbs4b@amazon.de,11/21/1994,526 Buhler Park,(162) 7026313,afe3d736e7f6324017d76820537a2cba808e920f5107c081bd507d702810dc74,Intuitive
Cosette,Duffan,41cc285c-e3cb-11e9-8a07-afbbca2fd2fe,cduffan4c@storify.com,9/2/1991,04 East Point,,121ceac585c39d517f2c374b5a8626dcdae0e24ff73fc76daf6a5504ecd174ce,encoding
Bel,Dearn,41cc4f62-e3cb-11e9-8a08-b7c9602096b7,bdearn4d@t.co,5/26/1991,043 Schlimgen Road,(703) 1393302,de15e47432c4410813964057c3daaea35acca5e15adf74f1654a67728c79877a,systemic
Quillan,Brownsea,41cc7668-e3cb-11e9-8a09-439415c24280,qbrownsea4e@washingtonpost.com,6/21/1994,477 Mallory Circle,(422) 7599542,f6749777c9823f1b440c49f2b0bfbe3e24c3643811164f09901ca7d107454fcf,Reactive
Codi,Adamsson,41cc9d78-e3cb-11e9-8a0a-036c13af4d22,cadamsson4f@yandex.ru,10/19/1994,41561 Sundown Junction,(499) 2940534,c68bf3faaa62a759b74062dbab7b659b39b03058f35799bd09de129306b46d24,Quality-focused
Prisca,Lode,41ccc47e-e3cb-11e9-8a0b-8b9b82528182,plode4g@google.it,9/14/2001,79 Carioca Court,(507) 4911673,bf49719816a05969f178b17659a40d36c169fe81b68a2e7341d34316c8d797a6,solution-oriented
Julian,Drinan,41cceb84-e3cb-11e9-8a0c-c3389864ef29,jdrinan4h@wikia.com,6/24/1992,87069 Surrey Terrace,(160) 5354542,7a6b8de7129db597087d142b3857cb6e76195e77e9efe9c0514d6c3775d12c6a,Graphic Interface
Martie,Bimrose,41cd1294-e3cb-11e9-8a0d-17771f4e6e52,mbimrose4i@hao123.com,12/9/1995,87746 Park Meadow Plaza,(202) 7692030,02346315b03b806859230fc3640e7b14acd1eec032e3faa0179a64180853740e,internet solution
Lockwood,Gange,41caf004-e3cb-11e9-89ff-43e4f55510bf,lgange4j@zimbio.com,3/29/1995,70 Stone Corner Road,(182) 5713475,57607605161645d9e7c3a01bd05c76abee6e98b574273e317bc90c41e55e8baa,grid-enabled
Alex,Trevenu,41cb170a-e3cb-11e9-8a00-a7129547fc7e,atrevenu4k@bizjournals.com,8/5/2000,071 Forest Dale Junction,(122) 3953279,6b814f226f1d43c9717ae614fb0510e39bf7087273adfabc5ab3e783d1c7b4a4,Optimized
Shae,Burwell,41cb3e1a-e3cb-11e9-8a01-b3581826bb07,sburwell4l@bravesites.com,3/11/1997,927 Bay Way,(523) 2901756,7e7e2df9c53e657adeacd9f05a8421c56e3749b5f5c945f8319e32d7f17dd22f,Diverse
Germaine,Wileman,41cb6520-e3cb-11e9-8a02-57afa2523b81,gwileman4m@soup.io,1/10/1992,353 Hagan Trail,,d5e1f2dec8d40060cdde864034ba87a67ac75b3ad103dc9d1bd48d176e00f27a,Proactive
Claudine,Ormonde,41cb8c30-e3cb-11e9-8a03-dbd51052bfa4,cormonde4n@ovh.net,10/22/1994,833 Del Mar Point,,5c3b35200492c147bf9fcdf1ab2829690923b4a91bf868dc8331689cb5d17631,Exclusive
Dulcia,Pyott,41cbb336-e3cb-11e9-8a04-43677fb14bc0,dpyott4o@vistaprint.com,11/12/1992,0 Portage Alley,,e060e4f790565f47cff9bd44c0b96e2e66a9b0e81f7827fb57d690d0e9712476,Configurable
Moselle,Marten,41cbda3c-e3cb-11e9-8a05-7fa2617031bf,mmarten4p@walmart.com,10/20/1993,321 Merrick Lane,(827) 2693103,b8dd45d5a95ad8a727e178ca25e9c0b9e5d31d9197f343b3d9ffb45d25de5556,maximized
Odele,Alenichicov,41cc014c-e3cb-11e9-8a06-2fb7455a7f59,oalenichicov4q@trellian.com,11/28/1994,55 Prairie Rose Trail,(452) 9817492,91992541afdf1ef126e5b696d512ef58f8953fea652bbbbdac4855a562e2306f,Fundamental
Elston,Barkshire,41cc285c-e3cb-11e9-8a07-afbbca2fd2fe,ebarkshire4r@sourceforge.net,1/12/1997,82 Barby Alley,(138) 8076833,2bd77e5ef163b60e028162cbb29730039a669c8035ed4173c83c3a8a0371210f,directional
Prudi,Heavy,41cc4f62-e3cb-11e9-8a08-b7c9602096b7,pheavy4s@blogs.com,12/29/1994,7757 Green Ridge Parkway,(414) 5218883,f4ec01b9d53e434ccc8784218fe9f4e4c7591127220b1ed142e25b0e69a0133a,directional
Marinna,Trussman,41cc7668-e3cb-11e9-8a09-439415c24280,mtrussman4t@edublogs.org,9/17/1997,91855 Susan Park,(752) 6287299,a3a7cd804a0ea831a7565c56a9341571325d9ca62817c12b63496b3ac608e68d,archive
Man,Martinez,41cc9d78-e3cb-11e9-8a0a-036c13af4d22,mmartinez4u@psu.edu,8/11/1991,9 Haas Terrace,(105) 2038291,fbfb707b757d53a4b4377245c97d51494696ecfb3ee7429d6db1725bf2548378,Multi-layered
Jess,Btham,41ccc47e-e3cb-11e9-8a0b-8b9b82528182,jbtham4v@ask.com,3/25/1997,2 Crest Line Alley,(516) 3063613,1d67c1a6057f113d1064f371ed9981f925e81693cec4aab3d4deed03f7c0d286,artificial intelligence
Jeth,Couzens,41cceb84-e3cb-11e9-8a0c-c3389864ef29,jcouzens4w@economist.com,1/19/2001,938 Lien Park,(581) 7697687,d32f31ef30be855664b855ea5cc8bf26546cbd7b0ed3d43230ed65025e50d0cb,data-warehouse
Chester,Tugman,41cd1294-e3cb-11e9-8a0d-17771f4e6e52,ctugman4x@wikia.com,5/23/1991,552 Killdeer Pass,(527) 8474020,4c4c0e9bde08f3a184f8a2c3354818b5ea9b7f7bd1c8a080848cc3b6b5bf78f6,Operative
Tierney,Hopewell,41cd399a-e3cb-11e9-8a0e-cb47dda98c17,thopewell4y@abc.net.au,3/25/1992,04 Norway Maple Place,(526) 4954724,c210e3a8ecf6a34736723cce712ccc58be2d00c75dac9267f84e5a95df84490f,standardization
Doralynne,Cousin,41cd60aa-e3cb-11e9-8a0f-03a10b153918,dcousin4z@myspace.com,10/29/1999,77886 Golf Course Court,(310) 1321235,0e8e8ad9bd170babf53629f7a2d1747ea95b77ee99a4c409383ac2801107abe6,process improvement
Stacy,Laughlin,41cd87b0-e3cb-11e9-8a10-c7d02038b449,slaughlin50@accuweather.com,5/11/1991,1281 Golden Leaf Circle,(388) 1481353,4fe64d394335e4e76eb843083bbc80c1e82914ceae548768407e5b1fa61458c5,well-modulated
Lorie,Burdoun,41cceb84-e3cb-11e9-8a0c-c3389864ef29,lburdoun51@about.me,5/30/1993,140 Bellgrove Court,,53971af3c023777d0aba7b73d26d89dc86cc1800c9459967b069f243f6cbb9a1,instruction set
Modesta,Yard,41cc014c-e3cb-11e9-8a06-2fb7455a7f59,myard52@usgs.gov,2/13/1995,57606 Graceland Junction,,66f36f72019daaa18123c023a962c37f6214d409e86a354803206736a9ed1da0,analyzer
Jillane,Brimmacombe,41cc285c-e3cb-11e9-8a07-afbbca2fd2fe,jbrimmacombe53@spiegel.de,12/2/1992,80 Kennedy Lane,(776) 2511250,da6d92b1b6bd74d62b4b9e72c271950eaa10b9442fd47cd8e4f68ba107273c8f,hub
Kiah,Domotor,41cc4f62-e3cb-11e9-8a08-b7c9602096b7,kdomotor54@nature.com,8/14/1995,392 Magdeline Hill,,95ed5e94902b89915f4f92a9f3db359aba6de13251b5eb2695b1875c93e992d7,moratorium
Diane-marie,Bradly,41cc7668-e3cb-11e9-8a09-439415c24280,dbradly55@mozilla.com,3/23/1991,4038 Arapahoe Court,,fb95ba2282c1b5d129d6ca21a993088a4782f4e1f35f93bf05f35d1976b801c0,Down-sized
Batholomew,Kippins,41cc9d78-e3cb-11e9-8a0a-036c13af4d22,bkippins56@japanpost.jp,8/19/2001,6259 Summer Ridge Park,(276) 5418311,731d72cc123dfaee0300425d5f29341b68fd4d4e940ac5046e80a77e1dcd3f0a,bottom-line
Solomon,Badsworth,41ccc47e-e3cb-11e9-8a0b-8b9b82528182,sbadsworth57@t-online.de,9/13/2001,08 Jackson Terrace,,9bdb21b6c573fc92b5256672b80b20c3090dcaa6c23e4f73abfc516d610c2b0f,Configurable
Margeaux,Sill,41cceb84-e3cb-11e9-8a0c-c3389864ef29,msill58@dell.com,1/2/1993,62613 Petterle Lane,(512) 5923274,817d9fa5747ae8a638dc68c5611829174a5548843a97461d5553dc479f817d9f,fault-tolerant
Gris,Tansill,41cd1294-e3cb-11e9-8a0d-17771f4e6e52,gtansill59@webs.com,10/26/1992,9 Armistice Parkway,(296) 6900274,02e201d13e6085c0cffa5357b9c66d37707f90fde6268f8dba165fffd287e192,collaboration
Isidor,Maryska,41caf004-e3cb-11e9-89ff-43e4f55510bf,imaryska5a@fastcompany.com,7/1/1991,09 Armistice Crossing,(875) 1387293,87d27bf2a189a0530ed3fd0b27cf581c549ca1d731567c1e60b7d623c4076422,systematic
Joana,Drewe,41cb170a-e3cb-11e9-8a00-a7129547fc7e,jdrewe5b@google.com.au,4/13/1993,97443 Tennessee Road,(983) 1971712,c188b0f50e5255c15f31ab111818bcd123532bec421a6e24bd19f561823112d7,composite
Mei,Ferber,41cb3e1a-e3cb-11e9-8a01-b3581826bb07,mferber5c@github.io,4/9/1991,0 Spenser Street,(652) 4438243,a5f54aaf594f15bae65ab8f7da8ffa5b102e8a9931728f18e759148264176251,array
Natalya,Scoble,41cb6520-e3cb-11e9-8a02-57afa2523b81,nscoble5d@reuters.com,5/18/2001,5344 Waxwing Parkway,(737) 9240913,67cb052ed7b0a1053c49a62c41fbbee510a1998c3969bfb2847f43cfb3475cd6,leading edge
Lynnette,Clymo,41cb8c30-e3cb-11e9-8a03-dbd51052bfa4,lclymo5e@npr.org,6/6/1991,4 Mendota Lane,,d6eb6bb050150db5c3b18bc9d6df28d2d50fa59b0bd2fe7a80cde485933aa833,model
Sidoney,Gorini,41cbb336-e3cb-11e9-8a04-43677fb14bc0,sgorini5f@weather.com,8/11/1998,23998 Brentwood Terrace,(761) 2553146,40515a87f34c8e93b827b5e51987b1d601f10088798565bfe20bafe336e63734,conglomeration
Briano,Filippazzo,41cbda3c-e3cb-11e9-8a05-7fa2617031bf,bfilippazzo5g@tinypic.com,11/30/1995,7947 Spohn Plaza,(878) 5019476,e937a041ab6fe9ea19f95672701275810452423dc16ddb09da734b3ff762de50,hierarchy
Johan,Danilov,41cc014c-e3cb-11e9-8a06-2fb7455a7f59,jdanilov5h@people.com.cn,9/12/1994,09978 Veith Alley,(559) 9293363,c10d14312231c2fc4f06b042e10f0f5a1712d7fe026f12214012640a3bb1ec26,Down-sized
Viki,Carmichael,41cc285c-e3cb-11e9-8a07-afbbca2fd2fe,vcarmichael5i@ovh.net,9/3/1995,29210 Tennessee Street,,617d1876597d738c42610b1a98ea421a7e2a493a4b170c96da571e4673d5cc08,Graphical User Interface
Gaston,Heffernon,41cc4f62-e3cb-11e9-8a08-b7c9602096b7,gheffernon5j@arstechnica.com,8/21/1998,0 Sherman Drive,(347) 7557864,fb2de0d783e74924cb519310fcd405c9484770915f5d808a1897601e9b09fcd5,User-centric
Stefano,Lucia,41cc7668-e3cb-11e9-8a09-439415c24280,slucia5k@dropbox.com,9/8/2001,2275 Bay Crossing,(364) 8442589,2be0784d754a1b42baeb21a8a9b3dfd7bf7e524fcb3bb3be47e5576e8b4d31a2,Fundamental
Amil,Minard,41cc9d78-e3cb-11e9-8a0a-036c13af4d22,aminard5l@biblegateway.com,6/19/1995,93 Sullivan Street,,907c614261053319c3c2950e881dc347a0b155d1842f04c053d1581461a103b9,methodical
Delilah,Hully,41ccc47e-e3cb-11e9-8a0b-8b9b82528182,dhully5m@nasa.gov,10/15/1993,2459 Bayside Avenue,(250) 6214547,4435d451f91c73f8c82b239f3ce3463bf99f0724ee5a41f023b5ef8367c08472,full-range
Faunie,Tremathick,41cceb84-e3cb-11e9-8a0c-c3389864ef29,ftremathick5n@feedburner.com,5/4/1998,2 Debs Park,(517) 1650030,cf147ee3c2104a954aaa071e5f4f7b2c3a847ab51cce88b2bf2e8d9c2d8900d4,Versatile
Colas,Spinelli,41cd1294-e3cb-11e9-8a0d-17771f4e6e52,cspinelli5o@forbes.com,11/25/1994,8 Esker Hill,(553) 4829328,544f37a0b32bc87d7cb345f49bcea59344f1cfe5ab27449c13071099eac0e2f4,strategy
Ophelia,De Gowe,41cd399a-e3cb-11e9-8a0e-cb47dda98c17,odegowe5p@icq.com,9/6/2001,4 Namekagon Trail,(341) 6188351,11fd8ad1aea97ccb23e90eed44e95b4fb012feb03c63fdae18aec7db7c1bce08,Quality-focused
Thekla,Berston,41cd60aa-e3cb-11e9-8a0f-03a10b153918,tberston5q@myspace.com,4/11/1995,1200 Eastwood Crossing,(245) 6816376,326fcadd8534e061713230c08be65b8703848d45cd3c90243d29c348227f89d5,implementation
Domenico,Rate,41cd87b0-e3cb-11e9-8a10-c7d02038b449,drate5r@constantcontact.com,6/16/1999,85771 Lakewood Gardens Place,(350) 8521184,88ce4a344ba363f69ac208b533da36186150c0df37db3805d010651f601e50f4,superstructure
Creighton,Kintish,41cceb84-e3cb-11e9-8a0c-c3389864ef29,ckintish5s@elegantthemes.com,4/3/1998,58293 Comanche Terrace,,2390db2fd392caa622b6319c6b08954ab29e127c005ca06c427b23c5c918acc5,Enterprise-wide
Chilton,Calcraft,41cd1294-e3cb-11e9-8a0d-17771f4e6e52,ccalcraft5t@time.com,11/17/1996,06 Stuart Crossing,,29f0848261a3a1f17bf0f7b7a702d0dc57903a9a9571d3a902cba46fa29540eb,intranet
Maggee,Jephson,41cceb84-e3cb-11e9-8a0c-c3389864ef29,mjephson5u@vinaora.com,7/23/2001,81304 Coleman Park,(515) 5980671,a2c5a6b9f1fba503225e51cb0c3373d17624c7ef1c1564a96122c198bd230d3e,implementation
Maryellen,Caldero,41cb3e1a-e3cb-11e9-8a01-b3581826bb07,mcaldero5v@flavors.me,2/26/1991,01 Calypso Court,(189) 9060550,77aacc0309eeb4ebdc2a7854ce3383dcdcea60e52c4d737e62209d2962b9ab71,zero tolerance
Renaldo,Marzelli,41cb3e1a-e3cb-11e9-8a01-b3581826bb07,rmarzelli5w@sina.com.cn,1/8/1995,2 Westport Trail,,78076dfc3648cdb7ab5b0a15e8649d10b87c06455eb71dffc9533cecc982fcdc,Grass-roots
Beau,Whittock,41cb3e1a-e3cb-11e9-8a01-b3581826bb07,bwhittock5x@imgur.com,3/18/1992,7819 American Ash Parkway,,2efb22724fde1145d25dbc3b230be55de50f660f232f8a7985343de05a306555,Robust
Theodosia,Di Carlo,41cb3e1a-e3cb-11e9-8a01-b3581826bb07,tdicarlo5y@technorati.com,8/2/1996,51569 Northfield Way,(403) 5893020,7aa6d3fa05a3d9fee3822bbb9367a4c180a05ea484866717595df799fddd4622,architecture
Jaquelyn,Grishelyov,41cd399a-e3cb-11e9-8a0e-cb47dda98c17,jgrishelyov5z@globo.com,11/14/1990,89 Cherokee Crossing,(768) 4642210,10886e6e57c49cfdd1bd690033da556d7a8b0e797f805fa83914ee7df200340d,Optional
Kissie,Gyde,41cb6520-e3cb-11e9-8a02-57afa2523b81,kgyde60@dion.ne.jp,3/3/2001,5369 Lakewood Gardens Crossing,(198) 1748788,a02d1fee90bc8050dfee2339bdeb6fd31070520903deaa3ec1d12832a76096fe,policy
Leann,Salvati,41cb8c30-e3cb-11e9-8a03-dbd51052bfa4,lsalvati61@sphinn.com,12/21/1996,72 Waubesa Pass,,a767a4f12089dd0b03c91dc3db697d2ae4d8a817caaab2b8c37048e3fd1c7449,productivity
Melba,Joron,41cbb336-e3cb-11e9-8a04-43677fb14bc0,mjoron62@geocities.jp,11/1/1993,6 Commercial Court,(413) 3528020,e18978a63fc3f3d868c88db2bf8e26946b5ca2ee0538bade0bf5a455fd9cdbeb,zero defect
Celestyna,Fargie,41cbda3c-e3cb-11e9-8a05-7fa2617031bf,cfargie63@linkedin.com,12/30/1994,7 Gulseth Pass,(714) 8935676,17b902d9f617409b7fb55c1ca0f941037ac7eb3e7d0b588382108ebbeb9a1011,modular
Christyna,Ashtonhurst,41cc014c-e3cb-11e9-8a06-2fb7455a7f59,cashtonhurst64@jalbum.net,10/4/1992,8 Riverside Lane,(753) 1533596,68dda7fd1fc4dd9d770d1eb41aaf109731c54d769cb5277fbf7d9e1f462c9cd2,Switchable
Mia,Olivetti,41cc285c-e3cb-11e9-8a07-afbbca2fd2fe,molivetti65@twitter.com,5/7/1994,48033 Mccormick Center,(660) 2723815,5ddfa60435b4ead30d8d9935213bc29bfffbc5495630bba09d328581d21f5e87,system-worthy
Geoffrey,Olivazzi,41cceb84-e3cb-11e9-8a0c-c3389864ef29,golivazzi66@ning.com,3/11/1999,0428 Londonderry Junction,(543) 1287611,7f9d4d191d9e7e855094f00841448c8e8504f3aea32676a6f370bed24c579e2d,Diverse
Aurilia,Whetnall,41cc014c-e3cb-11e9-8a06-2fb7455a7f59,awhetnall67@sciencedirect.com,5/13/1991,3529 Pearson Center,,0f77eef7c527f2acf8770b7b2a11f1698d67b52954ac4d914f6ffe5d8d40622b,adapter
Ingrid,Clancey,41cc285c-e3cb-11e9-8a07-afbbca2fd2fe,iclancey68@dot.gov,5/25/1994,6851 Little Fleur Alley,(382) 4010528,739093a30f27bb45e4a4aa7dce849bf85db6692bd6a98d3a708e39521c7d1283,Visionary
Riki,Mitkcov,41cc4f62-e3cb-11e9-8a08-b7c9602096b7,rmitkcov69@nymag.com,2/12/1996,82518 Claremont Park,,4961aecacc295b8537cc4ae2056527c1cdd13e4808a6bbf7318f8f2e935f1ee3,Future-proofed
Benedicta,Barniss,41cc7668-e3cb-11e9-8a09-439415c24280,bbarniss6a@com.com,5/3/1997,68869 Northridge Street,,d321bf29b629f0ed1f0310f384d14f01498684a0532ca790845521e232d980f7,toolset
Kendal,Domingues,41cc9d78-e3cb-11e9-8a0a-036c13af4d22,kdomingues6b@blinklist.com,9/8/1994,5106 Fuller Road,(322) 5117046,18c694f6ce3b74d448e7a1e7abc6f410199cd8eaaf646469a31c78221740e4ef,intangible
Gerry,Holborn,41ccc47e-e3cb-11e9-8a0b-8b9b82528182,gholborn6c@moonfruit.com,11/9/1995,59 Bunting Center,(671) 4770040,42e4528bd4152c1e8609999ee4578b7fe97a139c560c093adf9952b1ab22ba1a,User-centric
Susanetta,Gauthorpp,41cceb84-e3cb-11e9-8a0c-c3389864ef29,sgauthorpp6d@smh.com.au,6/21/1995,716 Chive Plaza,(162) 6941485,93b41eb891b2d7a7f4754225795682e0d080e26e9353f32be404a41d54bc687a,hierarchy
Bibi,Parsisson,41cd1294-e3cb-11e9-8a0d-17771f4e6e52,bparsisson6e@bloglines.com,6/15/1993,9294 Ruskin Hill,,7fb51cd39f0b3c31de41ace591717d46fa82e516649d16ca9010acf6d0654b35,mission-critical
Steffi,Copsey,41caf004-e3cb-11e9-89ff-43e4f55510bf,scopsey6f@elpais.com,10/18/1999,52 Grim Terrace,(680) 5848508,d585db4c7526a45d2a3b73d8bc9d6c18cc44a4f23fe716eb223ab3f7559e56d5,bandwidth-monitored
Korney,Canape,41cb170a-e3cb-11e9-8a00-a7129547fc7e,kcanape6g@scientificamerican.com,4/8/1991,65 Lake View Junction,(787) 3423850,ae1f6483a55ed7d3e29ef2e43118000108619911622eef6bacdb8f54d75e8305,directional
Renado,Gopsell,41cb3e1a-e3cb-11e9-8a01-b3581826bb07,rgopsell6h@dion.ne.jp,7/26/1997,71 Delaware Circle,(110) 7844856,b816fc40844085867d7aedcdc076fee54ec8fe5521587b1c836ef5bcf823846f,policy
Debbie,Pickaver,41cb6520-e3cb-11e9-8a02-57afa2523b81,dpickaver6i@yelp.com,9/20/2001,03885 Mendota Point,(399) 4506103,7119b0565cc5a14f5e9fd368b505800c63594b29ca98d47ee36b0547eecf0f38,Compatible
Curt,Stovine,41cb8c30-e3cb-11e9-8a03-dbd51052bfa4,cstovine6j@adobe.com,5/11/1991,64871 Holy Cross Drive,(316) 6046380,512f748e5e2e171634e1b59620779390427d8119b0c1c723b7b6807842fe3bbe,collaboration
Vivyanne,Ayshford,41cbb336-e3cb-11e9-8a04-43677fb14bc0,vayshford6k@mashable.com,12/6/1995,6 Spenser Road,(872) 4601819,a73b8d19bb2c55847bc1300887fb60c7e9ae63af7b13fc94b83627de85f84448,circuit
Christye,Gownge,41cbda3c-e3cb-11e9-8a05-7fa2617031bf,cgownge6l@upenn.edu,9/16/2001,09166 Kedzie Parkway,,441322fcdc8fe3d083fc77d615dfe84507f9e6f0fc13031d54f1513995bdbbf2,Organized
Abram,Gallop,41cc014c-e3cb-11e9-8a06-2fb7455a7f59,agallop6m@sbwire.com,7/20/1999,74518 Hagan Crossing,(701) 2520874,a8980b43aab4768a62dda729660df07a3ce01c9316dd49a8638db0af3d740b41,success
Xerxes,De Beauchamp,41cc285c-e3cb-11e9-8a07-afbbca2fd2fe,xdebeauchamp6n@reference.com,7/28/1993,75903 Gerald Lane,,a440fd5961c3f5674ee848ecad7bb3262a3122760b4a38e9e488b7647433a167,projection
Ilaire,Barribal,41cc4f62-e3cb-11e9-8a08-b7c9602096b7,ibarribal6o@princeton.edu,10/18/1992,57 Lunder Place,(847) 7536650,7366625a7a8f798062a21cd886a4d1963917bbad5126e101f457bdaebbcc12a7,parallelism
Flory,Ruegg,41cc7668-e3cb-11e9-8a09-439415c24280,fruegg6p@chron.com,9/26/1991,691 Bartelt Terrace,(178) 4722615,c225d000b08dfe8752b6d3f89cf80001016b1830af1e223bcd8bb046ebc2b608,demand-driven
Raphael,Grand,41cc9d78-e3cb-11e9-8a0a-036c13af4d22,rgrand6q@exblog.jp,11/28/2000,91686 Bluestem Hill,(450) 9843266,1068c3aa2e8422b0cda1ebcf1cbb44079f3008ffbfaa5bf8792a5ae4d69eb8cc,Future-proofed
Frances,Blanckley,41ccc47e-e3cb-11e9-8a0b-8b9b82528182,fblanckley6r@alexa.com,5/31/1995,79245 Elka Parkway,(364) 2047824,5131f45ea7d0b935c8dad72340b5249a5df68147666d64ea975a9b37a97d20c2,optimal
Gleda,Luberti,41cceb84-e3cb-11e9-8a0c-c3389864ef29,gluberti6s@soup.io,12/22/1993,6737 Killdeer Junction,(467) 7099153,4168367f146e7968af5e48f43a96d6c25632fffd51e46e3c8b627a135ff64b79,productivity
Tabbitha,Caldeiro,41cd1294-e3cb-11e9-8a0d-17771f4e6e52,tcaldeiro6t@squidoo.com,2/15/2000,102 Surrey Center,(518) 8958458,ef58011b07dd0bcf187f2f29975d312813896717c8cd9228603be80156d9bd9b,modular
Waylon,Gurrado,41cd399a-e3cb-11e9-8a0e-cb47dda98c17,wgurrado6u@domainmarket.com,8/6/2001,26 Roth Parkway,(524) 2723908,8857bb3172c30d6ee1447d4fa7e125512075ac22e9cb6213839dec50f08944e4,approach
Hana,Sawart,41cd60aa-e3cb-11e9-8a0f-03a10b153918,hsawart6v@wunderground.com,10/11/1999,3282 Fremont Park,,d8028992f1dd7e74b83d1bfa4a32df9ae4f98e3587da51e67877dec7c99ecfd8,Synergized
Ainslie,Righy,41cd87b0-e3cb-11e9-8a10-c7d02038b449,arighy6w@jugem.jp,6/20/1995,06576 Westerfield Alley,(597) 6153965,a402ebf2cde741833e94335104c3b90bbf95d72b84bd6ee78b098a9c1db16704,framework
Sylvester,Bevans,41cceb84-e3cb-11e9-8a0c-c3389864ef29,sbevans6x@paginegialle.it,12/28/1996,922 John Wall Crossing,,6bddf98c43c5977a0b6217ca185737d5b74bd835976b3836a497164bbbf0062a,Enterprise-wide
Jillayne,Newlove,41cd1294-e3cb-11e9-8a0d-17771f4e6e52,jnewlove6y@prweb.com,3/28/1991,43 Everett Parkway,(403) 7086074,22e55ddd39c1eb2b1f0a696dda4515d66c2cfa14e40d8710aa55ac37b6eacb07,Total
Gerik,Shannahan,41cceb84-e3cb-11e9-8a0c-c3389864ef29,gshannahan6z@instagram.com,12/4/1993,0396 Sunnyside Place,,a84c5c625c669f9ca591ed9275a83973c35bda86dc179ddb83babbf9a5d65a35,Quality-focused
Constance,Potebury,41cb3e1a-e3cb-11e9-8a01-b3581826bb07,cpotebury70@walmart.com,9/15/1993,95074 Artisan Alley,(500) 1733560,9b56617511cce755e2a15148adffa35c949ced755698b1a229abb52bba25eec3,leverage
Clovis,Hendrickx,41cb3e1a-e3cb-11e9-8a01-b3581826bb07,chendrickx71@sciencedaily.com,8/21/1997,7 Grover Plaza,(844) 9199282,5abd2800f6f00b9bd37473acfa904eabe177f1ca1e68dbb594ea1dae3333fa09,Proactive
Benedetta,Triggol,41cb3e1a-e3cb-11e9-8a01-b3581826bb07,btriggol72@google.ru,2/12/2000,6 Village Green Road,(139) 1271941,1eba3039ea45ca484054e6d26f72fb91a30e1f39d5a5cd97d23713ee0c02661d,focus group
Beniamino,Clurow,41cb3e1a-e3cb-11e9-8a01-b3581826bb07,bclurow73@army.mil,12/26/1993,5 Sachtjen Road,(606) 6348157,aeba8e9833aea1123e77973a8f5ead5475ebf053970b5560163c8266ddc19506,Profit-focused
Malanie,Sprull,41cd399a-e3cb-11e9-8a0e-cb47dda98c17,msprull74@hhs.gov,11/21/1997,5520 Stuart Circle,(303) 3439993,ffe0eecf78ebd24922fcbb4db8a35061d06d18b3c5c236e2dcf635d1a8d1d5fc,Graphical User Interface
Melania,Lytle,41cb6520-e3cb-11e9-8a02-57afa2523b81,mlytle75@ihg.com,11/30/2000,610 Arapahoe Center,(934) 7563448,d161378f3008e22ba8ce5743efd5356eb3e55a060b302c0003a287b0f757ab35,Customizable
Krissy,Fattorini,41cb8c30-e3cb-11e9-8a03-dbd51052bfa4,kfattorini76@house.gov,1/18/2000,40 Waxwing Point,,6a38c71e5127a5410324363c50cdf313c025cdc48f31bba19b76cb508e96a3f7,Cross-group
Mame,Jansema,41cbb336-e3cb-11e9-8a04-43677fb14bc0,mjansema77@google.ru,8/9/1993,5525 Fuller Hill,(189) 9180932,8b6b4b3e73df0ee89361fbd4e11e4c332278e6c7d622a2f3c3bc7e7aeee0859e,capacity
Randell,Dumbrill,41cbda3c-e3cb-11e9-8a05-7fa2617031bf,rdumbrill78@printfriendly.com,11/11/1994,01 Haas Court,(233) 7925789,0b3b885625528b9a7440fe88757abc7ec58f42d0c51c2825e31b4c418f12c000,Customer-focused
Miles,Tweedy,41cc014c-e3cb-11e9-8a06-2fb7455a7f59,mtweedy79@sohu.com,6/13/1995,56 Continental Circle,(651) 4560299,4a49892e5fbb3dcdfa2bb4de20079980044b600de475ceb92333810353827465,Secured
Golda,Bound,41cc285c-e3cb-11e9-8a07-afbbca2fd2fe,gbound7a@salon.com,6/5/1992,2029 Scott Point,,e5faaac8357a2ba57d6c6dcbd2670565d77466411e48a2cfe50955e50bf53142,Extended
Addison,Camp,41cceb84-e3cb-11e9-8a0c-c3389864ef29,acamp7b@aol.com,12/6/1998,9 Lighthouse Bay Terrace,(492) 5866878,27b30f66f8f593d17c1ff577b6a1dd4cb0c35439041ddf2d271773bdad85fa08,emulation
Taddeo,Carne,41c9debc-e3cb-11e9-89fb-8f3d803af072,tcarne7c@vistaprint.com,10/22/1995,7 Colorado Alley,(941) 7704318,f0059062a2e53d79d490c5217571abdd7d515ae196d27987294c6d86bb3153d3,hybrid
Bianka,Samsworth,41ca7ae8-e3cb-11e9-89fc-436f6ffb800a,bsamsworth7d@bravesites.com,10/22/1999,402 Elgar Alley,(216) 5433825,90b77dca3c66a830a3e7f6b4bd4f11985f146970246d0a94fc093a21683a0d86,User-centric
Leona,Amort,41caa1ee-e3cb-11e9-89fd-87d79d61c5be,lamort7e@fda.gov,6/5/1996,5085 Becker Trail,(709) 6686230,dee431c9271ce09faaf78aed801cbb88b2ea5bc76947c27dc584f77b77272773,5th generation
Rochester,Selwin,41cac8f4-e3cb-11e9-89fe-3bf32d16afd2,rselwin7f@youtube.com,3/14/1998,34 Thackeray Center,(469) 5100315,d75bcca8071985ad898899c70d91ab139617052e53c0d94e9d8cdfbd360fcb49,access
Kyla,Ashborn,41caf004-e3cb-11e9-89ff-43e4f55510bf,kashborn7g@sciencedirect.com,4/14/1997,13 Paget Lane,(463) 7411663,33be4c413c2605a60d92fcc457c80ba55c8d687793bc74d2d8ba24cbf1a8ad64,User-centric
Huntlee,Messier,41cb170a-e3cb-11e9-8a00-a7129547fc7e,hmessier7h@washingtonpost.com,8/19/1998,260 Kensington Road,,676b03c2d7eea419410c33f9bb3955d1f75f4b11c691cfdb9a2a756e98c60cb3,definition
Sadella,Pigdon,41cb3e1a-e3cb-11e9-8a01-b3581826bb07,spigdon7i@shareasale.com,1/17/1991,20453 Londonderry Crossing,,096873499cf300619c4f040ce06057c7a8e3a36f9450db5eb74082f6a62e9ed7,Persevering
Haley,Grigoryev,41cb6520-e3cb-11e9-8a02-57afa2523b81,hgrigoryev7j@com.com,5/8/1995,9 Bowman Plaza,(906) 3839480,6d8e8a57b792543ea164ed74fd517d268bcdb94250814a0dd190ae47cc131c0d,grid-enabled
Erin,Shreeve,41cb8c30-e3cb-11e9-8a03-dbd51052bfa4,eshreeve7k@hexun.com,4/17/1993,9653 Coleman Way,(365) 2615752,2d468a0e0cd991a210d960fdc81dd17dd7618a19cceb47edd2bb4adcdc6c74e7,algorithm
Kristoforo,Fetherston,41cbb336-e3cb-11e9-8a04-43677fb14bc0,kfetherston7l@adobe.com,5/29/1998,503 Bashford Hill,(153) 2755395,fb8cffae832a39886e1038564d9ab2012171384d2534c95d9602a939fd21fe60,Mandatory
Andie,Bette,41cbda3c-e3cb-11e9-8a05-7fa2617031bf,abette7m@wunderground.com,2/22/1999,298 Elgar Junction,(260) 2020703,427bbe41a8dae2a7311d1211e266beaf049f34a77099f2ee80c30f79c8d505eb,Face to face
Jasun,Crosby,41cc014c-e3cb-11e9-8a06-2fb7455a7f59,jcrosby7n@cafepress.com,6/12/1995,625 Clarendon Drive,(798) 5493721,8c68c62c3dabcf3c416166306000a26a138e55cf6965bf87df864f9b2cb12277,Front-line
Gareth,Chadbourne,41cc285c-e3cb-11e9-8a07-afbbca2fd2fe,gchadbourne7o@google.com.au,8/13/1997,1014 Oak Hill,(615) 9429857,a83285df538a1a916bd22feaf172d6c2bacdac9be3da092df03db8e63330fb26,Multi-lateral
Olivie,Fawdry,41cc4f62-e3cb-11e9-8a08-b7c9602096b7,ofawdry7p@army.mil,8/9/1996,1 Barnett Court,(486) 1652295,11a49fc827ebcfb3241a40fd18181bb4a831f593f078ee6268c199b9b97e9c13,high-level
Dewitt,De Witt,41cc7668-e3cb-11e9-8a09-439415c24280,ddewitt7q@devhub.com,7/6/1996,16560 Becker Street,(521) 1998264,5dcff3d95a05ed5faa61369801a19c9969054914a4f0605078606cd183e16996,Future-proofed
Gino,Josowitz,41cc9d78-e3cb-11e9-8a0a-036c13af4d22,gjosowitz7r@bloglines.com,10/4/1993,879 Portage Lane,(913) 7098494,ad5e68e20c272946e9781754d6a0b98754dd4e2bde8f848254871f0ff47e1625,tertiary
Eddy,Colliar,41ccc47e-e3cb-11e9-8a0b-8b9b82528182,ecolliar7s@zdnet.com,10/25/1993,0 Prairieview Center,(315) 2819053,231f739cba2d6205c78d1765d43ec23beec5ac36fe872d6b90a2c8b54f16dcdd,foreground
Noami,Gillebert,41cceb84-e3cb-11e9-8a0c-c3389864ef29,ngillebert7t@spotify.com,4/2/1995,07 Scoville Center,(752) 8220766,df3dbde2360b0981be1cd93b16b5e233eb1148d6eb96a7082320ed542b1e660c,Total
Rozamond,Llorens,41cd1294-e3cb-11e9-8a0d-17771f4e6e52,rllorens7u@pbs.org,1/30/1991,931 Melby Center,(254) 7011799,bdb7ecb4f66e2213dc3e7ab7ac54d501bb4bdb36edd701c404143413667159ef,Monitored
Connor,Hamlet,41cd399a-e3cb-11e9-8a0e-cb47dda98c17,chamlet7v@sciencedaily.com,7/30/1995,868 Laurel Hill,(891) 2909492,e0d4694fe501f8197ddd6778db00ede8700096ab12811a23104584e73ac7bbd6,Multi-channelled
Herta,Bantham,41cd60aa-e3cb-11e9-8a0f-03a10b153918,hbantham7w@blogger.com,11/22/1996,16103 Scoville Avenue,,214491718e6bacb9d40dbc8b9fd622a581fde38f126d37bbd5803b01c5deae5a,focus group
Mathian,Grissett,41cceb84-e3cb-11e9-8a0c-c3389864ef29,mgrissett7x@washingtonpost.com,2/21/1999,29 La Follette Terrace,(171) 7686714,c0822cff5ef3d125102f3f0bc1d885f88d5de477a6872074d455d391c09aeca4,client-driven
Derrik,Poytres,41cd1294-e3cb-11e9-8a0d-17771f4e6e52,dpoytres7y@naver.com,10/24/1994,356 Sauthoff Circle,,557b9e0e415801b10cc2ee6ac235c4d4c90b0c3545a0612e8dc9aefd33e336cb,empowering
Blakeley,Kaygill,41cd399a-e3cb-11e9-8a0e-cb47dda98c17,bkaygill7z@cnn.com,2/5/1997,598 Sachs Junction,(386) 8982739,02a700c82b826bcda35f0b8c4a11a576513c8508eabbf37a353b15ede380208e,Re-contextualized
Minne,Sivyer,41c9debc-e3cb-11e9-89fb-8f3d803af072,msivyer80@oracle.com,2/22/1997,30 8th Center,(610) 2313731,d4baf2188071a754b63676ae234468bdb289778adb39a93c452f9132e983de9e,Expanded
Tiphany,Lofty,41ca7ae8-e3cb-11e9-89fc-436f6ffb800a,tlofty81@xing.com,3/27/2000,145 Waxwing Way,(747) 1019349,fa0bb116ab8abed105d0e4bf311ff3b0767ed8db90f479178a85a9f5a6aed18a,Fundamental
Fair,Grzegorecki,41caa1ee-e3cb-11e9-89fd-87d79d61c5be,fgrzegorecki82@jiathis.com,9/15/1999,92 Golden Leaf Place,(530) 2045036,a81414549696c9380f9e5d5b611bf272a501fe09035c58f418fd318b5cb996af,maximized
Rik,Buggs,41cac8f4-e3cb-11e9-89fe-3bf32d16afd2,rbuggs83@etsy.com,2/12/2001,95 Straubel Street,(253) 9041270,31f8f3eb4d4802f8c811e2ec674d1e76b664bed3e6d61f7ce24ad7aeace84c2a,attitude
Allistir,Gorrick,41caf004-e3cb-11e9-89ff-43e4f55510bf,agorrick84@studiopress.com,8/13/1994,3716 Emmet Pass,,b5d95ff03743d581cf27d675416aa632c632f2cec4a1c1ec66a95601b2c0a17b,system engine
Orsa,Healy,41cb170a-e3cb-11e9-8a00-a7129547fc7e,ohealy85@cnbc.com,7/25/2001,06683 Dennis Court,,1724eb7f3eb24cce29e05a203d71bbb7d561e65d19929851ecf6bf1a2ea87c5e,Organized
Albie,Arnoll,41cb3e1a-e3cb-11e9-8a01-b3581826bb07,aarnoll86@list-manage.com,6/29/1992,67387 Mariners Cove Avenue,,f019933837d2aff7a39dfa673445ab19200a1dd571d0e1345f0f94ee15722414,national
Vivie,Finlaison,41cb6520-e3cb-11e9-8a02-57afa2523b81,vfinlaison87@sogou.com,9/5/1995,0 Kedzie Road,(470) 5761495,f2086401841ae437c964da289fc725c873507af595b64299ddd183e8f949032e,benchmark
Judye,Jaime,41cb8c30-e3cb-11e9-8a03-dbd51052bfa4,jjaime88@cdc.gov,8/16/1999,75700 Eagan Way,(275) 4479404,9acb18d4cd2d561b61f56c80d2d43ca674d1bff68b83531ca8afb556fb55e0e7,Profound
Kasper,Tremayle,41cbb336-e3cb-11e9-8a04-43677fb14bc0,ktremayle89@oracle.com,7/30/2000,3777 Bluejay Court,(230) 4630910,dc64df2dc23573cbe2ede495a30d9bc335bf0b406e5fb64ddb65783852884fa9,Programmable
Abby,Collinson,41cbda3c-e3cb-11e9-8a05-7fa2617031bf,acollinson8a@vinaora.com,8/29/1992,7550 Mandrake Avenue,(346) 4303683,4c6f7644b3a62f2f1fdd990fabbefc1cf661495e628f06f5834bbab6154908b0,Sharable
Ailsun,Leele,41cc014c-e3cb-11e9-8a06-2fb7455a7f59,aleele8b@kickstarter.com,6/12/1997,14 Everett Terrace,(851) 4082948,b5fe7081b5f276372ae0a74afb6c0d9f494547afed033583613f9d6980ce91de,Adaptive
Isabel,Kunzelmann,41cc285c-e3cb-11e9-8a07-afbbca2fd2fe,ikunzelmann8c@amazon.co.uk,2/18/1997,0193 Golf Course Place,(253) 8709349,6602fb5c183f015df7c7b0eed53e086904e9cf62e83f132d12352e4708953fa4,Operative
Towny,Topley,41cc4f62-e3cb-11e9-8a08-b7c9602096b7,ttopley8d@wiley.com,6/17/1999,353 Londonderry Circle,(565) 6364516,4bf9947abef9d2f64ff3039f716ce834dd893e35fc954ddee581c39651a5e1d5,optimizing
Patin,Hustings,41cc7668-e3cb-11e9-8a09-439415c24280,phustings8e@nih.gov,4/19/1992,83 Oak Valley Parkway,,af55e14266a5dcba63fa702d7c314b8406e89b163cb54b644468d0d3faf77c90,Centralized
Darlleen,Sweeting,41cc9d78-e3cb-11e9-8a0a-036c13af4d22,dsweeting8f@umn.edu,10/15/1992,3278 Monument Drive,(712) 5767549,e764410f565d585127750e0826e3438ed21567226a474c9aedc9e97c22258d2c,6th generation
Garrick,Hurdis,41ccc47e-e3cb-11e9-8a0b-8b9b82528182,ghurdis8g@alibaba.com,11/1/1995,690 Manufacturers Crossing,(823) 2506960,6e9dea6aba731271454d8c8a64742e5339a50dabc158f7fdff269a3c1d936b63,next generation
Patrizio,Gude,41cceb84-e3cb-11e9-8a0c-c3389864ef29,pgude8h@home.pl,1/29/2001,43 Meadow Ridge Drive,(236) 8528592,9bc6691168ef69ff7361967e490c8152f47b0126ccb5813bfe293a417d2ad877,Multi-channelled
Cornelia,Hexham,41cd1294-e3cb-11e9-8a0d-17771f4e6e52,chexham8i@epa.gov,8/12/1996,221 Eagle Crest Way,,8d155b01271bb9003d23c83ca86f2ec8520ae93af31af8acd2c3952da81b7cae,Versatile
Olvan,McKain,41cd399a-e3cb-11e9-8a0e-cb47dda98c17,omckain8j@twitter.com,7/27/1995,6233 Waubesa Drive,,e76f2db59fab60f99bd3bd826f0612bb3d0631af31cd18ce8cb5ba04cf5d7aa4,leading edge
Chandler,Braney,41cd60aa-e3cb-11e9-8a0f-03a10b153918,cbraney8k@digg.com,12/22/2000,88981 Main Pass,(740) 7054610,845a054836f67b2cd3e0514e7c37dea55fa32659e7937e8c2a61685d20f142fc,intermediate
Sanders,Nulty,41cd87b0-e3cb-11e9-8a10-c7d02038b449,snulty8l@oakley.com,3/12/1997,2823 Susan Hill,(886) 7311051,215f304c2de6662c179eca5d19a46974aa44b32dd751882fac60cfada3b97fd9,Enterprise-wide
Jami,Westman,41cceb84-e3cb-11e9-8a0c-c3389864ef29,jwestman8m@pagesperso-orange.fr,10/7/1995,55591 Surrey Trail,(488) 1075584,503b717535c0214e81d787ba4de0142b6f649edc603c04884fd40e392ddd33c6,Virtual
Adela,Coopman,41cd1294-e3cb-11e9-8a0d-17771f4e6e52,acoopman8n@vistaprint.com,4/12/1995,59 Kingsford Place,,1ab328cfc4eda638ce047efd5bf229e52ca174576af4819854d8c1c50149281c,multi-state
Jerrie,Martello,41cceb84-e3cb-11e9-8a0c-c3389864ef29,jmartello8o@sohu.com,8/2/1994,23988 Bonner Alley,(679) 1130721,626e1ef53e46fdcf3c75ad948899e45a6db148087a8153959f4fdfe73b227f12,full-range
Kean,Elsmore,41cd1294-e3cb-11e9-8a0d-17771f4e6e52,kelsmore8p@loc.gov,8/21/1994,6 Commercial Avenue,(768) 1024011,81bc793728b836b205e60b2b2ca3f6a57d4c4ff34086c516645177c9d73ded6f,migration
Rebekkah,Agglione,41cd399a-e3cb-11e9-8a0e-cb47dda98c17,ragglione8q@eepurl.com,6/1/1999,0 Lunder Park,(967) 6705852,824946f9ef2006e4e78a8d67d7327fc4b0e5654a2d96362f3935004709811126,knowledge base
Nil,Labroue,41cb6520-e3cb-11e9-8a02-57afa2523b81,nlabroue8r@ovh.net,8/29/1992,22004 Harper Lane,,7fe3d6bfa74f99ffc33006859cd49283ef2d3003cfa2dd65b8de4cb9ff85f802,intangible
Ilka,Mattedi,41cb8c30-e3cb-11e9-8a03-dbd51052bfa4,imattedi8s@dagondesign.com,6/9/1992,2747 Lakeland Street,(691) 6711494,6e86513f573fe7329ba506b2030f376873125bff4e5dfef094352fdab1463b17,capability
Hamel,Gleaves,41cbb336-e3cb-11e9-8a04-43677fb14bc0,hgleaves8t@utexas.edu,7/29/2000,75 Crowley Lane,,5680a49ab0a0d63fadef8618815a267e8f506fc15c46cd33119232de0e6d3d21,focus group
Melania,Milby,41cbda3c-e3cb-11e9-8a05-7fa2617031bf,mmilby8u@indiatimes.com,7/14/1996,1789 Delladonna Junction,(153) 4439107,8d7f02e136d1ac51a3739f8a6b61d6e75cf35d0b5613a0f10b53e4f387b99ff6,secured line
Keefe,Heaney,41cc014c-e3cb-11e9-8a06-2fb7455a7f59,kheaney8v@adobe.com,9/21/1993,0 Shoshone Trail,(945) 2276506,200ef6cb9961644a1884999e74f65a3665b2525b849e9aa5404437b3b7721401,hardware
Brice,Lippingwell,41cc285c-e3cb-11e9-8a07-afbbca2fd2fe,blippingwell8w@nydailynews.com,2/14/1991,54294 Shoshone Center,(147) 6956809,d2e3888514a2220845e04410bd6565d9896856ba7252aea3e0bde97dc0054c1c,Triple-buffered
Annabal,Marfield,41cceb84-e3cb-11e9-8a0c-c3389864ef29,amarfield8x@jiathis.com,9/23/1997,19844 Westerfield Street,,1d871dca517f02d0f39f286cad5a54149f4c04f48e9f009aaeb3a2aa9ad6d146,Reverse-engineered
Leanna,Creeboe,41cd1294-e3cb-11e9-8a0d-17771f4e6e52,lcreeboe8y@uiuc.edu,10/20/1998,373 Canary Avenue,(150) 9368168,10c79e95dca5334a06165532e4d993b2404d97f0635d1d49dee7b951ddd9c10e,concept
Alix,Delve,41cd399a-e3cb-11e9-8a0e-cb47dda98c17,adelve8z@goo.gl,5/24/1997,4968 Spenser Alley,,eb69555a4185e137b16a65f32307d1cd6cef6dac8c3069a20b2957003e9209e8,next generation
Van,Mant,41cb8c30-e3cb-11e9-8a03-dbd51052bfa4,vmant90@dagondesign.com,8/14/1999,2 Westridge Court,,c3f0c7c6bd2fc33dc02d7a9620408d4bda8c280f3972913eb2c1785efd18d5c4,responsive
Dorisa,Camacke,41cbb336-e3cb-11e9-8a04-43677fb14bc0,dcamacke91@technorati.com,9/2/2000,836 Anthes Lane,(907) 7193812,953d9fc4d9b819cb768875416a390c7fa72023c8b6c55a47cf3ec75837bdf4bd,Phased
Klarrisa,Hemphall,41cbda3c-e3cb-11e9-8a05-7fa2617031bf,khemphall92@simplemachines.org,11/27/1994,45 Manitowish Pass,(388) 3387861,d2240ce3cc603360cf2dceab4e8e074fe40fa26d80565a048f14088a03b62db0,infrastructure
Hyacinthe,Linn,41cc014c-e3cb-11e9-8a06-2fb7455a7f59,hlinn93@theatlantic.com,6/28/1994,89 Fair Oaks Circle,(922) 5304920,bba6092b521c44a79c40552d147548c49be5d5665f7fd4a3fe3e25ac9d932f7f,attitude-oriented
Franky,Lahy,41cc285c-e3cb-11e9-8a07-afbbca2fd2fe,flahy94@deviantart.com,11/9/1990,14378 Mitchell Crossing,(591) 6202305,6ac7b075db0e281df5fbf3b0691deb9cb6191b17bdf52dc518f16e957e9d8499,archive
Angil,Matthesius,41cceb84-e3cb-11e9-8a0c-c3389864ef29,amatthesius95@prweb.com,4/27/1997,459 Texas Avenue,(819) 5889513,1e7a71e7d368c4994bdea15731e9c878d7fd0210009cf5c1ed00a374284003f1,data-warehouse
Melina,Tunsley,41cd1294-e3cb-11e9-8a0d-17771f4e6e52,mtunsley96@pagesperso-orange.fr,3/16/2001,1494 Express Plaza,,318425746bfdaa6c8296e32d2574350f1ec635134692a631ebf515d25905c118,Intuitive
Mariska,Devil,41cd399a-e3cb-11e9-8a0e-cb47dda98c17,mdevil97@fema.gov,2/5/1991,55265 Pearson Center,(832) 6870186,14c6b1cdb7d264f8cb412c5e3877e8c9abec6d058b69f934eddc0eefbe415b89,national
Zarla,Mallatratt,41cb6520-e3cb-11e9-8a02-57afa2523b81,zmallatratt98@mozilla.com,11/12/1996,3306 Katie Hill,(479) 9699399,85d7ee5f19bfe44a09194940301c0f9cd091a67fe86cbbd20ae029087a974d23,Organized
Carolus,Ody,41cb8c30-e3cb-11e9-8a03-dbd51052bfa4,cody99@state.gov,9/24/1996,16 Lake View Place,(854) 8245776,9759a8eb3483824c053c2da7368abb1ea2e08789ddc9b6fd5529080ae83a9d18,Public-key
Megan,Whillock,41cbb336-e3cb-11e9-8a04-43677fb14bc0,mwhillock9a@delicious.com,3/23/1995,51 Bunting Court,(852) 5232077,be96bbeea1b5390983b622d8adef2d7505ec77c064629060c1174f484875dcf8,demand-driven
Karilynn,Ludlem,41cbda3c-e3cb-11e9-8a05-7fa2617031bf,kludlem9b@gnu.org,9/26/1997,07 Eastlawn Plaza,(403) 5445896,26c5402734187f7ae23972ab584b67fa2875cf357dd4f66672d36acdd02205fe,Profit-focused
Roddy,Vequaud,41cc014c-e3cb-11e9-8a06-2fb7455a7f59,rvequaud9c@upenn.edu,9/13/1996,9155 Golf View Park,(287) 7884909,38e6599b4e1dec2865fd9c633e7ae342be87af18978553999b7cc907c22d2a1a,Function-based
Alexandra,Pether,41cc285c-e3cb-11e9-8a07-afbbca2fd2fe,apether9d@php.net,11/11/1995,872 Kennedy Parkway,(861) 8440834,cccc312f2e5195e3c431e4ef41e5ac6dfbd56e948b885fae52e2259192de8250,Customizable
Benyamin,Warricker,41cc4f62-e3cb-11e9-8a08-b7c9602096b7,bwarricker9e@lulu.com,10/30/1996,412 Melrose Lane,(502) 7418031,fe3eee38b5b5a6736537987ccd1612d2a57fe8c422efd57ed27192fb669fd066,Triple-buffered
Jillene,Rhoddie,41cc7668-e3cb-11e9-8a09-439415c24280,jrhoddie9f@fema.gov,1/6/1994,324 Grayhawk Junction,,3deaeaccbf825bb4eb77ffc13b5e31dcca3934c06e14df991ffcd03ff6e7513a,parallelism
Sheelagh,Hollebon,41cc9d78-e3cb-11e9-8a0a-036c13af4d22,shollebon9g@zdnet.com,11/17/1993,746 Oak Valley Terrace,(276) 9510005,fd8249475da6a4fee33db4656ee56a01aad800dda665dcfb77bedcf1b92dd8a8,intranet
Abey,Neild,41ccc47e-e3cb-11e9-8a0b-8b9b82528182,aneild9h@kickstarter.com,7/30/1999,2 Merchant Alley,,dfab52f300a56f49c0ca1b99377546d405a44654117051a689311b936cc39148,adapter
Curcio,Brende,41cceb84-e3cb-11e9-8a0c-c3389864ef29,cbrende9i@columbia.edu,7/9/2001,36111 Fieldstone Terrace,(137) 2819767,60ee2a509704ea156a948fa1478214684f3db1222588056ff0cfbf388b597f93,open system
Vittoria,Sabben,41cd1294-e3cb-11e9-8a0d-17771f4e6e52,vsabben9j@columbia.edu,8/12/1994,6 Crowley Drive,,f7c73a7232fc9f04c8b1c139d936065dfb695a03e9c00d87fe1e69a10293a85a,system-worthy
Parrnell,Van den Broek,41caa1ee-e3cb-11e9-89fd-87d79d61c5be,pvandenbroek9k@washingtonpost.com,6/16/1995,1596 Mariners Cove Alley,,d8cfa6adfaf3f6b67f77b3e6a9ab66c3fd5993c7acc27c6738c9168d40545f9b,Centralized
Bernadine,McVaugh,41cac8f4-e3cb-11e9-89fe-3bf32d16afd2,bmcvaugh9l@cnet.com,9/17/1993,6053 David Road,(840) 3873583,2bec00706d9260532639d35dfcb06dc63b42adde2fed8b512aba5a633ca4717a,website
Millicent,Andrini,41cb6520-e3cb-11e9-8a02-57afa2523b81,mandrini9m@geocities.com,1/19/1999,42604 Bluejay Drive,(338) 8412215,acdb77970e9403c0cd79eee6f154d68cad9484716fd2917295f7bd7dc5935d75,Right-sized
Allyn,Noulton,41cb8c30-e3cb-11e9-8a03-dbd51052bfa4,anoulton9n@soup.io,7/7/1996,54246 Waywood Hill,,7f6d7e0acab2c9a9545b75855ea446bbd207f50ab8504d27bee5cb834c56e317,workforce
Alessandro,Blinco,41cbb336-e3cb-11e9-8a04-43677fb14bc0,ablinco9o@plala.or.jp,8/14/1994,95084 Ridgeview Avenue,(757) 4105131,1f0c789ccf189d2f74d50504eabbe4538d074b18152c9a22aa6b6c51ea101e1b,foreground
Roma,Gonnelly,41cbda3c-e3cb-11e9-8a05-7fa2617031bf,rgonnelly9p@cnet.com,5/11/1996,96000 Clemons Center,(345) 4996140,9d160508795919094556b60bf8c1be358a17c7cfdcb4654d984ffcde6579023a,encompassing
Reese,Peebles,41cc014c-e3cb-11e9-8a06-2fb7455a7f59,rpeebles9q@goodreads.com,7/12/1992,17 Loomis Park,(831) 9808102,a6a8204e9b6635e9d95c4d7ac15912424947e141652d9534fecb58e40166dcc8,Integrated
Darlleen,Smead,41cc285c-e3cb-11e9-8a07-afbbca2fd2fe,dsmead9r@cisco.com,8/13/1999,4 1st Plaza,,87789d8a1b4edd26cd68f5f173a7cc37db6e2029d781eb73665bc29604a9867f,Inverse
Shanta,Sloss,41cc4f62-e3cb-11e9-8a08-b7c9602096b7,ssloss9s@disqus.com,11/16/1991,9824 Killdeer Hill,(498) 7241692,17a547f7992e0ef404f6aa597f49cf7fd0dc87229e16788ac134be0b49e7ec2e,utilisation
Cchaddie,Couthard,41cc7668-e3cb-11e9-8a09-439415c24280,ccouthard9t@ft.com,12/20/1999,346 Pierstorff Place,(834) 3620279,e6e2bc456502cafe8d03c0f755c679cb9ce407cd7dbea0393d295cac017dc821,directional
Appolonia,McLoughlin,41cc9d78-e3cb-11e9-8a0a-036c13af4d22,amcloughlin9u@goo.gl,10/20/1990,354 Schmedeman Hill,(248) 6663130,12d038b4bf03e7bec264e6fa931f45a723c6d9a0097c570df848dd4040c8e80d,Assimilated
Dierdre,Molan,41ccc47e-e3cb-11e9-8a0b-8b9b82528182,dmolan9v@usatoday.com,5/1/1999,8 2nd Trail,(638) 8445892,240e88443dd65f72175dd6234aa7370d73c098f231694fea7ed6e6c5179b26f9,Distributed
Lemmy,Thies,41cceb84-e3cb-11e9-8a0c-c3389864ef29,lthies9w@seattletimes.com,9/2/1991,59 Grim Terrace,(125) 4984310,787acaf0d6564724706cea7123ede2ecb61c2af83feb938fba54ba9b174f6823,benchmark
Christal,Stithe,41cd1294-e3cb-11e9-8a0d-17771f4e6e52,cstithe9x@rambler.ru,5/23/2000,304 Carpenter Place,(630) 1574339,67f126dce596848de54b055217862402829a2766313d69ebaf8e228a7935b9ab,Operative
Eduardo,Haylands,41caf004-e3cb-11e9-89ff-43e4f55510bf,ehaylands9y@booking.com,1/21/1993,81 Johnson Street,,88b3f9bdfeedab91b380097a255d8764bafb1a3d89dfe537f6c798d210701d90,forecast
Suzanna,Naul,41cb170a-e3cb-11e9-8a00-a7129547fc7e,snaul9z@icio.us,7/28/1991,05 Hazelcrest Alley,(305) 7342405,6badf8a78f648dcb958c55603f82cf37bb066d14b6fdc8f3d5fa4c9d8440eac7,database
Anne-corinne,McBrier,41cb3e1a-e3cb-11e9-8a01-b3581826bb07,amcbriera0@unc.edu,5/14/2000,6 Fair Oaks Pass,(860) 8125843,205823f46e8d7f0baee73cb313448f52c766d07e5e40ad81d7cf1580f51aaac6,dynamic
Orv,Lawrie,41cb6520-e3cb-11e9-8a02-57afa2523b81,olawriea1@ebay.co.uk,7/26/1998,9167 Glendale Avenue,,3f174676854a4bfcf7dcf6fe931b3d6f769ff9812567b97fbf6dd3fad5cdfe8b,Universal
Tobye,Urch,41cb8c30-e3cb-11e9-8a03-dbd51052bfa4,turcha2@xinhuanet.com,2/26/1995,81710 Aberg Pass,(282) 1359382,7a62669c110059e22f7c6c659df822d13300a87afbc17b2b8dcac4b60ab590af,zero administration
Rhody,Hopfer,41cbb336-e3cb-11e9-8a04-43677fb14bc0,rhopfera3@elpais.com,9/23/1998,1 Ramsey Trail,(261) 1097999,cc6c88df8a0deabc227475eefa57ae0af1ab8f1c9487a8c4ce63a0cfaebce425,collaboration
Bernardo,Toman,41cbda3c-e3cb-11e9-8a05-7fa2617031bf,btomana4@jimdo.com,7/28/1996,0 Debs Park,(670) 5363855,26fb0615b1fc4da57633a1daf9b8c9b25a2fe18b95833009d793dc8592c96591,leverage
Ali,Blade,41cc014c-e3cb-11e9-8a06-2fb7455a7f59,abladea5@webeden.co.uk,7/3/1994,387 Porter Way,,9518aedb5f1e736be3b900d1ced18256befaae50bc71c21151fc65330c64786c,structure
Corinna,Daggett,41cc285c-e3cb-11e9-8a07-afbbca2fd2fe,cdaggetta6@bizjournals.com,8/29/1996,391 Westridge Terrace,,e4e673b59648f88eea796d3654be098a833425747ccbaf7fa4214e99cbc69b6a,challenge
Alvera,Pickerill,41cc4f62-e3cb-11e9-8a08-b7c9602096b7,apickerilla7@army.mil,1/25/1996,2345 Little Fleur Park,,efd08efb3a6dc10072f9356a81992392a7afb38916c352e98d66161979ac76e6,flexibility
Edy,Dye,41cc7668-e3cb-11e9-8a09-439415c24280,edyea8@ovh.net,2/24/2001,616 Marcy Way,,d7f99bcbb98d2bcfe57a3d89ac38c60c7b5e7a9c8e9ef2789764bcc4410d78f4,multi-state
Daron,Caulfield,41cc9d78-e3cb-11e9-8a0a-036c13af4d22,dcaulfielda9@yale.edu,7/11/1998,64 Gateway Court,(334) 7384879,e0e285b1e8cf5db73384b69e47f0a5f5528f561489433d5e563872142b0338e0,portal
Linnea,Duce,41ccc47e-e3cb-11e9-8a0b-8b9b82528182,lduceaa@mit.edu,8/1/2000,532 Butternut Trail,,73a1c366089acca302ef65f8320928f7422c937f74951546cbb8d9ced55a011f,Multi-lateral
Bryn,Hulett,41cceb84-e3cb-11e9-8a0c-c3389864ef29,bhulettab@elegantthemes.com,12/30/1991,8659 Claremont Street,(344) 5199809,32c52e0305a41b823623692ea437edfaf7481fa78defad9ae6ee7f670b881a55,didactic
Claudell,Edser,41cd1294-e3cb-11e9-8a0d-17771f4e6e52,cedserac@phoca.cz,2/17/1994,1193 Stuart Avenue,,a5ac6e976d2581d1597eb39edac444d75d624830e7b4a88eb570fc1d6f2766c9,contingency
Bronny,Garthshore,41cd399a-e3cb-11e9-8a0e-cb47dda98c17,bgarthshoread@nsw.gov.au,11/17/1998,2 2nd Point,(977) 7801485,bd15fbd0e0d9fe6bda03843387d034943f219d09c3364fa74c4a67cdd5bf8e11,website
Johanna,Willes,41cd60aa-e3cb-11e9-8a0f-03a10b153918,jwillesae@prnewswire.com,12/9/1991,06437 Northwestern Pass,(806) 8434180,0626c17ecdec427977aec81c270a02f28fc69cf9dd7f19b968e4346a420234c9,grid-enabled
Beitris,Tutsell,41cd87b0-e3cb-11e9-8a10-c7d02038b449,btutsellaf@joomla.org,4/23/1992,1138 Columbus Alley,(126) 4531202,d9d8ce6b07ba07f536a3480c4b266222f4034e92b6766b999218cc173753781b,strategy
Penrod,Orum,41cceb84-e3cb-11e9-8a0c-c3389864ef29,porumag@yellowbook.com,11/12/1993,738 Montana Pass,(522) 7075488,d4dd246b31088f1097ce0fd6a98ccf5da55f4d52800d265b7272eb8564aa6298,emulation
Basia,Tims,41cd1294-e3cb-11e9-8a0d-17771f4e6e52,btimsah@businesswire.com,4/2/1993,537 Brentwood Lane,(939) 6860153,a5363e2834848ac2b797e4f4d9652fedb617fc72ca48b6428eba977d6e338bf6,definition
Colene,Shinton,41cceb84-e3cb-11e9-8a0c-c3389864ef29,cshintonai@reddit.com,7/29/1997,530 Norway Maple Crossing,(661) 5638345,efab5f81af2f6c1f50a11b6454bdba00cd435ad1a6aa5b1e748a3b0f1fd25c0a,Operative
Siana,Bottelstone,41cb3e1a-e3cb-11e9-8a01-b3581826bb07,sbottelstoneaj@stumbleupon.com,7/26/1993,21069 Grasskamp Center,(788) 4291099,50c9fe1a07440c25fc2c470e1e9d71706c9e84bfd54a6621203e827f70877d0e,data-warehouse
Koral,Dikles,41cb3e1a-e3cb-11e9-8a01-b3581826bb07,kdiklesak@tumblr.com,7/12/1991,44855 Victoria Drive,(802) 1732015,557a86fb7b671f6e6789546ae18fdcbb519c8542fee9c28c3a66783ccfe9e0c2,well-modulated
Dyana,Bartholin,41cb3e1a-e3cb-11e9-8a01-b3581826bb07,dbartholinal@macromedia.com,11/16/1995,59271 Stuart Point,(402) 5850224,b0ede044e4c69216e07be362bae96a43fdc46947a9ef39900ae43a390378cdc4,Cloned
Darcy,Keeble,41cb3e1a-e3cb-11e9-8a01-b3581826bb07,dkeebleam@ucoz.ru,10/11/1991,47041 Summit Park,,38e3000d2d728889faa04502fb32e1998e92f5c7669105df9699df68e16c0606,implementation
Fania,Piotrkowski,41cd399a-e3cb-11e9-8a0e-cb47dda98c17,fpiotrkowskian@constantcontact.com,9/27/1995,7 Hauk Trail,(587) 2564888,b2d842e07e4728043701ad9f687c6ad4253efaa6f3224fa351b286be5ae9cb5a,object-oriented
Lexine,Pennazzi,41cb6520-e3cb-11e9-8a02-57afa2523b81,lpennazziao@reverbnation.com,7/20/2001,46 6th Hill,(109) 3565971,ab2ac1ea55de54d9f17b99609521199fa89a4cf92585d572528d5f25453c4b9e,Customizable
Edythe,Worge,41cb8c30-e3cb-11e9-8a03-dbd51052bfa4,eworgeap@rakuten.co.jp,2/27/1998,83 Lunder Plaza,(828) 3890737,f0ec1235b9e31472ff9478ee482b6ae3b19b91d62b7992c42910365dcefaa5c5,solution
Novelia,Rodgier,41cbb336-e3cb-11e9-8a04-43677fb14bc0,nrodgieraq@goodreads.com,7/26/1993,10 Old Gate Terrace,(304) 2431651,acdbf7ba498df5094b79a3daa379ba04f09bfceb1c4b779b8d8a8577ff193d04,Visionary
Pollyanna,Durrad,41cbda3c-e3cb-11e9-8a05-7fa2617031bf,pdurradar@ask.com,7/12/1997,4 Morrow Trail,(612) 6023122,ba8ecd85a47a11c7ff450f9f23b77edeb7ead0897e5cc8fec9552883aa603e42,Face to face
Elvyn,Hewins,41cc014c-e3cb-11e9-8a06-2fb7455a7f59,ehewinsas@microsoft.com,11/11/2000,4544 Hansons Junction,(976) 9458611,4cdcf2123fd2532f9fbe36a06ccd2d44ef9abb8206c71950f2358503418f7d6f,solution
Randie,Suggett,41cc285c-e3cb-11e9-8a07-afbbca2fd2fe,rsuggettat@indiatimes.com,3/30/1993,58628 Rusk Parkway,(249) 9553395,778c36c828023d1409f3e61b1a6bf176f0c2d49804792c3e16a71ab3ca165c5e,interactive
Salomon,Riddick,41cceb84-e3cb-11e9-8a0c-c3389864ef29,sriddickau@miitbeian.gov.cn,8/13/2000,17 Service Point,(240) 7710590,5edf9de8d6aee082190b75ac0c9e65f4536a738845df777a7d8de75a5e209e1c,attitude-oriented
Monroe,Copcott,41cd1294-e3cb-11e9-8a0d-17771f4e6e52,mcopcottav@ow.ly,1/13/1999,3 Texas Terrace,(533) 1193795,aa93cdc2d394b17ee378f45a94c832fed50016e4aeaea9d8063ef0d40feb8965,heuristic
Frederico,Greder,41cd399a-e3cb-11e9-8a0e-cb47dda98c17,fgrederaw@opera.com,5/16/1995,8770 Pearson Place,(291) 6845864,f0bbc8a8d6e810328eb40aa9070e73b01dd3f36b7668ad479ea52291c5a66af3,Realigned
Devonne,Raubenheimers,41cb8c30-e3cb-11e9-8a03-dbd51052bfa4,draubenheimersax@bravesites.com,7/5/1992,42827 Pierstorff Hill,,daed716cb4ae7e82261f78d54254555bda206a93516159c13bb400ea0100c1e8,Triple-buffered
Raynell,Hargreave,41cbb336-e3cb-11e9-8a04-43677fb14bc0,rhargreaveay@themeforest.net,10/30/1998,04 Swallow Avenue,(260) 3993491,57e49a0afa4ecf5e8d457bd0bafc2b18f088cfb1b58ecea9a0d3e866f3c9ef5f,Visionary
Toiboid,Kindread,41cbda3c-e3cb-11e9-8a05-7fa2617031bf,tkindreadaz@state.gov,1/16/2001,2 Trailsway Circle,(101) 2291419,9adf577abb7c86927e870885f05de90a4eeaf9b8e77c431b0aff00e481bda894,Focused
Ignacius,Hinkes,41cc014c-e3cb-11e9-8a06-2fb7455a7f59,ihinkesb0@theguardian.com,1/11/1991,0 Glacier Hill Pass,,7781826736972cfc8bc94c3826e57bd2c2f5bc483b5a9795b7ee7c1e7daa9eb3,moderator
Babb,Scarratt,41cc285c-e3cb-11e9-8a07-afbbca2fd2fe,bscarrattb1@sphinn.com,4/2/1992,9639 Forest Run Pass,(245) 2661426,13ecf583ae5f7453be45449f12f41e11b8092814c39361b26a90accdedf6cc8a,intranet
Dolley,Matthaus,41cceb84-e3cb-11e9-8a0c-c3389864ef29,dmatthausb2@nytimes.com,4/25/1991,8 Gulseth Center,(701) 6350040,4a86a3715ff3b977d7cec63608011fcc4e3dc1e80e615ccf939ac1c1c29b7850,local area network
Eli,Canaan,41cd1294-e3cb-11e9-8a0d-17771f4e6e52,ecanaanb3@wsj.com,12/18/1992,3 Garrison Parkway,(190) 7575325,bc83ce2c0e2cfca347de78aa13c85df911e14c6c6a7ef64a494fb7c0e7192936,De-engineered
Clarette,Pond-Jones,41cd399a-e3cb-11e9-8a0e-cb47dda98c17,cpondjonesb4@blogtalkradio.com,8/1/1999,00578 Lake View Terrace,,9f6286b223695a06f48ba8a931e99805dacccb96e1311961eed941f08f5c81bb,User-centric
Reyna,Chaudret,41cb6520-e3cb-11e9-8a02-57afa2523b81,rchaudretb5@sakura.ne.jp,3/3/1997,0 Eagle Crest Avenue,(834) 1680019,96e3ce858189fddb0158a570dfd2b58e6945687115c7f3481857000d169205f2,capacity
Elfrieda,Oakenfull,41cb8c30-e3cb-11e9-8a03-dbd51052bfa4,eoakenfullb6@amazon.co.uk,9/28/1990,414 Anzinger Point,(908) 1613781,bcff61897fa952d9760f59eb097cdf7ccd486b0e0a53ba620bb471944e01a962,database
Amie,Linne,41cbb336-e3cb-11e9-8a04-43677fb14bc0,alinneb7@youtube.com,5/1/1997,849 8th Road,(689) 2428746,f9ebb3fcc48312ea0d9c7a05796e51e2a9714d34becafb27b13fa670e76962a5,standardization
Niven,Kiehnlt,41cbda3c-e3cb-11e9-8a05-7fa2617031bf,nkiehnltb8@state.gov,11/23/1991,374 Portage Parkway,(585) 1742251,e7cdbd257a8662c2d6df15306e23b330ec5240fe00a0ce583b3a9d3966d06bd7,actuating
Madelena,Gorrissen,41cc014c-e3cb-11e9-8a06-2fb7455a7f59,mgorrissenb9@nyu.edu,10/15/1991,7169 Rutledge Point,(705) 3368798,4394360a8fdbac89438574909b3e7f0ad5d600a427a9141171485b56b340164b,Advanced
Heywood,Areles,41cc285c-e3cb-11e9-8a07-afbbca2fd2fe,harelesba@hao123.com,10/3/1990,77 Becker Center,(210) 6877332,86b8831b81ec47e4e59a6463e59eee3154cfbb74b60b78abc4eefa000ddc1d5d,solution-oriented
Tori,Siddaley,41cc4f62-e3cb-11e9-8a08-b7c9602096b7,tsiddaleybb@mediafire.com,6/13/1996,1 Derek Trail,,a7b07ae662382c204a273a19cc5bf526e24846bc6f09e37ee7c93b6888615433,Integrated
Alecia,Paal,41cc7668-e3cb-11e9-8a09-439415c24280,apaalbc@youku.com,12/3/1995,6521 Kedzie Lane,(656) 5077789,3237d8432d121b439436f9e41e7091bdcca5d9529a64d5bef9e8454971782434,24 hour
Orelie,Rosenfrucht,41cc9d78-e3cb-11e9-8a0a-036c13af4d22,orosenfruchtbd@tinyurl.com,2/24/1998,3 Magdeline Hill,(903) 2147134,da42c5e34bbcc5157d55197949b92e0be6d45f34cb9aec73fb0d550df521d79a,Face to face
Nissa,Ivshin,41ccc47e-e3cb-11e9-8a0b-8b9b82528182,nivshinbe@constantcontact.com,10/3/1999,51 Havey Drive,(298) 3561819,584446431be0eff61ad6d129cb0a94654057860166a05e417c1a2d934a3f320c,Cross-group
Jessy,Castro,41cceb84-e3cb-11e9-8a0c-c3389864ef29,jcastrobf@slashdot.org,7/19/1993,13 Warbler Hill,(952) 4903089,327d8011745deeef0238541c003d031bacb4a417f9e071c2628e9ba157adbb65,hierarchy
Patrica,Bouttell,41cd1294-e3cb-11e9-8a0d-17771f4e6e52,pbouttellbg@phpbb.com,9/17/1992,88933 Sunbrook Crossing,(183) 3041246,575d7be5ae2325d6d8b88720d146ac73f688ffc6d09af00d0236fee49e5fe957,model
Gerta,Avrahamy,41caa1ee-e3cb-11e9-89fd-87d79d61c5be,gavrahamybh@kickstarter.com,9/9/1992,46483 Roth Way,,b70922fb5356c6469ff5e79ad0d6c6abeafe7062e17f8dfde50b4a2f8396b13f,coherent
Dolley,Taffs,41cac8f4-e3cb-11e9-89fe-3bf32d16afd2,dtaffsbi@jugem.jp,1/27/2000,9674 Sage Parkway,(740) 2349801,905596018b80b1fa363567f9069e04893a790f6b24e4d3c25fe35312a1b4645e,reciprocal
Dallas,Wetherick,41cb6520-e3cb-11e9-8a02-57afa2523b81,dwetherickbj@g.co,10/10/1995,2098 Donald Parkway,(999) 5152739,bb0ce5060bdec3720dd57085d2eb71b39529b5ed784220047d536184caec11fc,intangible
Lanie,Bucham,41cb8c30-e3cb-11e9-8a03-dbd51052bfa4,lbuchambk@stumbleupon.com,11/14/2000,45 Pleasure Junction,,5ed93ce5a0b3d958a95b8958f382ad7daa0b3fd71204c852ef8fe59981a6eec8,Balanced
D'arcy,Jellett,41cbb336-e3cb-11e9-8a04-43677fb14bc0,djellettbl@sakura.ne.jp,4/5/1992,6 Becker Drive,(795) 6250175,a9cac4f8c27df012efee3ff4b03f7f049b6d8981f5c3adf326f28757f14948a1,moratorium
Tessi,Cejka,41cbda3c-e3cb-11e9-8a05-7fa2617031bf,tcejkabm@cbsnews.com,12/22/1992,22176 Mayfield Circle,,560391bf13ef1ed4973e3e2e122cd8173f56890095810feba09a24c5075fe3cc,content-based
Tanney,Simond,41cc014c-e3cb-11e9-8a06-2fb7455a7f59,tsimondbn@arstechnica.com,5/16/2000,78 Coleman Pass,(729) 1490762,374ebdaa54e2e53e452bf30695b46568625919a8e06f06d8d9e74913f429bedd,Cross-platform
Niccolo,Van Hault,41cc285c-e3cb-11e9-8a07-afbbca2fd2fe,nvanhaultbo@bigcartel.com,3/10/1992,67696 Calypso Circle,,8ebd22f52f0a5ff446e799c9b04d0d89498277da70abd26a0e1369bc419fb4d1,optimal
Hali,Week,41cc4f62-e3cb-11e9-8a08-b7c9602096b7,hweekbp@pbs.org,9/23/2001,494 Arrowood Center,(156) 7454846,4e1fcc50bed1e88a16f9319e50cd7440282e1c5813a0e940347dbcaa8c4d8933,regional
Alex,Westwater,41cc7668-e3cb-11e9-8a09-439415c24280,awestwaterbq@gov.uk,5/11/1995,445 Petterle Lane,(799) 3912962,14930bcb869ac79f4dacb29b43b2bd5845df9b015189a0b767445d539bcdff97,extranet
Alexi,Hoyland,41cc9d78-e3cb-11e9-8a0a-036c13af4d22,ahoylandbr@mail.ru,10/6/1996,3697 Petterle Park,(705) 5134116,1e2cd0ba9f6a08240526ddf782c688e17ab5dd3394de74926af060e868d63986,Reverse-engineered
Anneliese,Provis,41ccc47e-e3cb-11e9-8a0b-8b9b82528182,aprovisbs@com.com,2/27/1995,18075 Spohn Lane,,4983e6f557ae1095661fdb94215c083165fdc61eafcbd18b10fe67c9ef1dde97,leading edge
Suzette,Hurdiss,41cceb84-e3cb-11e9-8a0c-c3389864ef29,shurdissbt@posterous.com,9/7/1998,5 Eagle Crest Center,(747) 3715535,b5af79df9c81fd04f3e0f80833e29f225fc37c44f83ffb91ce415d7204308843,benchmark
Vernen,Fossitt,41cd1294-e3cb-11e9-8a0d-17771f4e6e52,vfossittbu@list-manage.com,11/12/1999,50 Meadow Ridge Center,,8284054be1c32c2c20ea2cde17eaa602e09412795180971d98d239e33e5b7aaf,heuristic
Ora,Merkle,41caf004-e3cb-11e9-89ff-43e4f55510bf,omerklebv@apache.org,8/30/1999,82937 Daystar Circle,,488a827698e9938138c2e290b0bc7b72f975d642aed96ef40c01b71249fb4e22,6th generation
Noe,Conachie,41cb170a-e3cb-11e9-8a00-a7129547fc7e,nconachiebw@sitemeter.com,11/4/1992,4 Brentwood Center,,e86726f051a5401ae88ce1041174e37850c599ed06573e17abcd26962b0559f4,Cross-platform
Sharia,Arnett,41cb3e1a-e3cb-11e9-8a01-b3581826bb07,sarnettbx@go.com,4/4/1996,969 Memorial Alley,(252) 3470451,fce9767b260e265dbccea832b3b82ea54843064998d7ea24baf02c72e4c6a905,monitoring
Audrye,Strainge,41cb6520-e3cb-11e9-8a02-57afa2523b81,astraingeby@deviantart.com,12/2/1990,56739 Menomonie Drive,(728) 9746928,b86302bcc72fea30b50c2a181e30c9f38da1ede52133fb135df98a126df33b2d,Multi-channelled
Cornelia,Brocklesby,41cb8c30-e3cb-11e9-8a03-dbd51052bfa4,cbrocklesbybz@google.it,5/20/2001,09940 Sugar Way,,ee414dec5643e987736eb518503d983a0b2e0fe2f55051ec6ce85e05dff31e46,bottom-line
Alexandra,Bendson,41cbb336-e3cb-11e9-8a04-43677fb14bc0,abendsonc0@posterous.com,4/15/1999,47348 Sunbrook Center,,5642f243c5c744eea7303f9c9e20bab8054afd8fb51e8282ce7fa97fb231f248,Object-based
Martica,Rouf,41cbda3c-e3cb-11e9-8a05-7fa2617031bf,mroufc1@jugem.jp,11/23/2000,6 Marquette Plaza,(901) 9795691,69be90bd951a7fe181684a8c0ba75e805d41c40b232a26ef51c2569ef80e1481,upward-trending
Ariana,Pietron,41cc014c-e3cb-11e9-8a06-2fb7455a7f59,apietronc2@harvard.edu,7/4/1995,17568 Caliangt Junction,(793) 5065262,25a00ff6f5a59bc9a96d067f48c47c30d2b89b285f84d36d3148daab8a48d44c,stable
Ara,Hayden,41cc285c-e3cb-11e9-8a07-afbbca2fd2fe,ahaydenc3@topsy.com,9/29/1996,9087 Hudson Pass,(819) 1522113,590d4c87ba26911bb90a7301f02b2c2f1bb461e8b19129945475401f92b41bda,multimedia
Lib,Rabbitt,41cc4f62-e3cb-11e9-8a08-b7c9602096b7,lrabbittc4@bloglines.com,1/20/1995,74315 Schiller Place,,047dfb11e95bf1972356320ee13f31dcc308a5f6c5c7a5a9c8d10196e82066a1,protocol
Barn,Hebblewhite,41cc7668-e3cb-11e9-8a09-439415c24280,bhebblewhitec5@squarespace.com,9/28/1996,3448 Doe Crossing Road,(883) 8287204,c76d0de76759fdb7571f24a0a30b56e385be2bc1026f887f952150854a805034,User-centric
Harriet,Coat,41cc9d78-e3cb-11e9-8a0a-036c13af4d22,hcoatc6@nyu.edu,9/14/2000,5 Continental Hill,(584) 1833661,21dc020cb1c8f090476a43db5a92b664971034386bf6c2b731b166e7346275a7,hybrid
Dar,Drinkhall,41ccc47e-e3cb-11e9-8a0b-8b9b82528182,ddrinkhallc7@berkeley.edu,6/28/1998,0484 Sloan Way,(307) 4927635,7a09d97f082f1d9739b1607c023fcf82123e8a80e4ac8b70952a74c4621230eb,info-mediaries
Ethyl,Oleksinski,41cceb84-e3cb-11e9-8a0c-c3389864ef29,eoleksinskic8@indiegogo.com,5/19/2001,78 Mallard Road,(210) 5065861,139bc91e147cbf7f6a6b004f9256e22840fc0b014037c1cd09a193e7637d42c7,high-level
Crin,Besantie,41cd1294-e3cb-11e9-8a0d-17771f4e6e52,cbesantiec9@wikimedia.org,1/14/1992,66156 Meadow Ridge Circle,(247) 3549310,5bf5b06f12b08673259b504e57ed08acb08bbb28473883ccb392361eb081ff53,array
Merridie,Dumberrill,41cd399a-e3cb-11e9-8a0e-cb47dda98c17,mdumberrillca@moonfruit.com,4/9/1995,76454 Beilfuss Alley,,672e48de116ec0333397104aef70d13917f7045591483d86d4361852313812fd,Graphic Interface
Kelsi,Chesworth,41cd60aa-e3cb-11e9-8a0f-03a10b153918,kchesworthcb@globo.com,7/14/2001,42162 Maple Alley,(879) 3519210,8bf895775fe43133caa1e3cafd4bfa3a93e1d616a13d96a82f4e2b83f1d41323,knowledge user
Sileas,Bromont,41cd87b0-e3cb-11e9-8a10-c7d02038b449,sbromontcc@amazon.com,9/1/1995,0871 Ryan Court,,cf5e0b89e283865e155fa307ccb963f5104cc556e365830e9de9eefab88487da,definition
Gannon,Ygo,41cceb84-e3cb-11e9-8a0c-c3389864ef29,gygocd@gravatar.com,9/15/1999,1 Rutledge Lane,(542) 5075472,1389ca59f4781d2294e744f47ed3bdf8fedafa8ca4725c207c5e217b3363ed0e,Universal
Alfy,Stansall,41cc014c-e3cb-11e9-8a06-2fb7455a7f59,astansallce@theatlantic.com,6/30/1998,3 Pearson Trail,(913) 9207711,7fe6f86d192e11ed1365afd98a05af76933444c4cf234e2942b03ff626ccf0b4,Implemented
Lacy,Exell,41cc285c-e3cb-11e9-8a07-afbbca2fd2fe,lexellcf@globo.com,7/7/1993,5 Sundown Court,(194) 2171480,2915e8e0a9446b92cc72e69dbf6861483c531552a08f8e964213b8988dbccfd4,Synchronised
Jennica,Leathes,41cc4f62-e3cb-11e9-8a08-b7c9602096b7,jleathescg@webmd.com,3/5/1994,4 Upham Lane,(621) 8668355,14eaf0a2383aab8412a6ec58b19439982e993a814533a93860476f4366dc44fa,functionalities
Burr,D'orsay,41cc7668-e3cb-11e9-8a09-439415c24280,bdorsaych@hhs.gov,10/12/1999,715 Randy Court,(564) 6021610,a49fcfac0863afca7c4afb12cff24fcf23aead89c226c61e9f737ad1f8e1da88,alliance
Garvin,Tallow,41cc9d78-e3cb-11e9-8a0a-036c13af4d22,gtallowci@indiatimes.com,10/17/1996,13 Harbort Trail,(962) 3564695,8d330c78ef067793ab1cbb0618632a2a4c29cf617df3d935aa22b14928f5ae21,global
Rebecca,Sidey,41ccc47e-e3cb-11e9-8a0b-8b9b82528182,rsideycj@ebay.com,7/24/1997,57200 Del Sol Hill,(654) 4335651,5452f9ec902f298f193c1a65e4324d6cd9b8809d6db658a32b93501fb70bd135,alliance
Emogene,Batterton,41cceb84-e3cb-11e9-8a0c-c3389864ef29,ebattertonck@prlog.org,12/26/1990,0419 Erie Place,,f17d543f43deae994a5dc1696843a632ed6637a34b903421e479378ab3b25c12,Right-sized
Karen,Bloxam,41cd1294-e3cb-11e9-8a0d-17771f4e6e52,kbloxamcl@ftc.gov,7/4/1998,18 Mitchell Terrace,(998) 7887807,6b2c836ae991316538743d7db6e71fe992edcc74a9856561556c4d5e52ea9973,task-force
Abner,Fenge,41caf004-e3cb-11e9-89ff-43e4f55510bf,afengecm@ted.com,1/15/1999,6379 Blackbird Drive,(927) 6436506,bad7dedfbfdeb8f64ca928f8b98b0b186926828140150e49c8552c2b567201b5,structure
Rudolf,Schultze,41cb170a-e3cb-11e9-8a00-a7129547fc7e,rschultzecn@bigcartel.com,10/26/1990,55235 Valley Edge Center,,59ef733286ac194071e3aecf101c845f21e7d324fdeb43221c9bcb59e8bf0a18,knowledge base
Maude,Pottiphar,41cb3e1a-e3cb-11e9-8a01-b3581826bb07,mpottipharco@jugem.jp,5/22/1998,1827 Dryden Terrace,(997) 4564207,ad5b93f4558d44fb2a12c2fb05a51581498f714166556a0082f1010f26a5a403,6th generation
Rip,Verson,41cb6520-e3cb-11e9-8a02-57afa2523b81,rversoncp@nyu.edu,1/11/1992,29216 Ludington Lane,,e44587c1e48ec60e235abc1e283c43202f285991a44cafef50f78696df4973a4,Decentralized
Leonanie,McCard,41cb8c30-e3cb-11e9-8a03-dbd51052bfa4,lmccardcq@ovh.net,10/10/1993,92270 Fisk Center,(891) 7501951,5575cd39d2c219a76e599f7314103a8a3d7601862bd168fd76b768aaa0696877,zero defect
Doy,Rawsen,41cbb336-e3cb-11e9-8a04-43677fb14bc0,drawsencr@netlog.com,8/6/1994,7343 Tennyson Court,(699) 8972760,b45b4cb65344dcef7e785e0baff0449820c239be26f3eb0ea3225083abc29765,multi-state
Charleen,Sillett,41cbda3c-e3cb-11e9-8a05-7fa2617031bf,csillettcs@noaa.gov,10/2/1993,5327 Maryland Circle,(831) 3289227,e7d87c636427cdecf08b51416b1f42d9fce802928c30b97c96883f8a5fb4e46c,Enterprise-wide
Richart,Hartlebury,41cc014c-e3cb-11e9-8a06-2fb7455a7f59,rhartleburyct@posterous.com,8/15/1996,45272 Clemons Hill,(202) 2520719,19c4c805f024fa901f6a05c69d4eb58d3c1fac731eeb7b6b4a8795dc76ec25cf,matrices
Darice,Robus,41cc285c-e3cb-11e9-8a07-afbbca2fd2fe,drobuscu@gizmodo.com,3/21/1997,8928 International Point,(387) 2454014,5dd3df3f597c7352194e0495a86f6b00319c7a8827c941f5344093e333fed574,instruction set
Kev,Winchcum,41cc4f62-e3cb-11e9-8a08-b7c9602096b7,kwinchcumcv@jalbum.net,10/28/1992,37371 Main Point,(657) 4232262,0fa89b0b02303f345a4eb40f1f615742506661d181440f97d8ebc3b024decb31,protocol
Natasha,Seares,41cc7668-e3cb-11e9-8a09-439415c24280,nsearescw@cloudflare.com,9/26/1993,12 Nova Avenue,(817) 9821604,97924fcbb5fa819764408fcd74fe621335dd36f8ba8a188d4a31da4b84dcdeff,web-enabled
Merell,Trevance,41cc9d78-e3cb-11e9-8a0a-036c13af4d22,mtrevancecx@ihg.com,12/18/1998,22437 Green Plaza,(716) 8692837,b5610982db7410308c9f18c8746fc4900b1b44585afd77dada5643d887a87c54,methodology
Luci,Tanguy,41ccc47e-e3cb-11e9-8a0b-8b9b82528182,ltanguycy@nature.com,10/9/1993,0308 Larry Place,,00774709f9cca37ed6a11f9f464bb06f1e50dd6c4c3f0f33155e0131631b60c3,interface
Chryste,Blade,41cceb84-e3cb-11e9-8a0c-c3389864ef29,cbladecz@usa.gov,5/11/2001,69 Carberry Hill,(318) 8153809,19802acfba104646155e928875885a5ab13032958fe02d363c7b9e7eeb58f044,leverage
Sashenka,Woolforde,41cd1294-e3cb-11e9-8a0d-17771f4e6e52,swoolforded0@aboutads.info,7/9/1997,0954 Cottonwood Crossing,(318) 3052107,16b92d185f6f62d6578b9579feb196ffb53de89fb2cbc03c87ed3218c3e90eb0,global
Nita,Goford,41cd399a-e3cb-11e9-8a0e-cb47dda98c17,ngofordd1@marriott.com,7/27/2001,942 Cambridge Pass,(199) 2555472,25c32af7d2fb342f9127dba46fe45a0a910b24f95e56d6081eb7762339c1bf24,parallelism
Raye,Mapstone,41cd60aa-e3cb-11e9-8a0f-03a10b153918,rmapstoned2@nps.gov,12/23/2000,695 Blue Bill Park Place,,02058ac023913db6fc662ee3fd1ed9a7ac05c5c975fcf889c1e13774ce5d5e69,Diverse
Brendin,Kitchenman,41cd87b0-e3cb-11e9-8a10-c7d02038b449,bkitchenmand3@posterous.com,10/1/1995,55193 Hagan Point,(935) 3294188,6eec24f942c782893bc173fedc43e6d158b95cfb7aa5186afee6e5a3f99a571d,Multi-tiered
Lyn,Caulton,41cceb84-e3cb-11e9-8a0c-c3389864ef29,lcaultond4@springer.com,1/1/1993,6 Sloan Trail,,2c697d4f8fcdf016928755a34d5168ca45fab28411a6264fd5f379e91e24349f,Universal
Barri,Burndred,41cd1294-e3cb-11e9-8a0d-17771f4e6e52,bburndredd5@example.com,12/12/1997,2288 Buena Vista Circle,,b062c67037771a82a56ca4fe8af0b3732b6ddfea3fca4fafd33ecadb2ccbefae,reciprocal
Hilarius,Meus,41cceb84-e3cb-11e9-8a0c-c3389864ef29,hmeusd6@drupal.org,4/2/1994,04 Vera Park,(477) 6968499,60b4e8790f284c7e64ee83aefbf5175c2bd7a020b417a0f0e22b8b662d93b861,local
Brina,Burcher,41cb3e1a-e3cb-11e9-8a01-b3581826bb07,bburcherd7@google.co.uk,9/23/1994,613 Vernon Trail,,43a84a13ec183547d4e095f90855be7dee0d19b3f6b471ae569f389b26c46f0e,Programmable
Darren,Caunce,41cb3e1a-e3cb-11e9-8a01-b3581826bb07,dcaunced8@tamu.edu,9/2/1992,581 Artisan Point,(878) 1885270,eba400c63d19265d49216dc0f1f3d5b7ffcd6a27259b8f56d6f187e84e8fb6ca,Upgradable
Rebecca,Hurche,41cb3e1a-e3cb-11e9-8a01-b3581826bb07,rhurched9@theguardian.com,7/7/2001,5 Iowa Crossing,,37e5e3a86cf5d0f391e0fe883dcdd2572880e4326dcb95c23d7d6886696f3d7c,moderator
Jermaine,Leander,41cb3e1a-e3cb-11e9-8a01-b3581826bb07,jleanderda@cnet.com,4/1/1995,85105 Anderson Avenue,(732) 1607513,fce83f3d26a8e45821918de15dcf2202711f8697cc6bcad798c70330b5a461ad,system engine
Aldus,Pedycan,41cd399a-e3cb-11e9-8a0e-cb47dda98c17,apedycandb@smugmug.com,6/23/1998,80 Nancy Road,(692) 9275682,18e292ce31ecd4d79d0e071cc01d60c3238532288779cc97034ba9080fb8fffa,uniform
Stillman,Cardenosa,41cb6520-e3cb-11e9-8a02-57afa2523b81,scardenosadc@skype.com,1/5/1997,7665 Hazelcrest Lane,(775) 1414938,ac3b5db941d0d97d0a56e96fbd7567e8083060fa58ef5f5a4673c423ab17cfec,Optional
Maxie,Swait,41cb8c30-e3cb-11e9-8a03-dbd51052bfa4,mswaitdd@discovery.com,5/21/1999,8 Hauk Park,,d92d6836c19d1ee1588c1287a29a9838c071b570aab23d4c576ce44a765b8da0,Re-contextualized
Ailee,Richie,41cbb336-e3cb-11e9-8a04-43677fb14bc0,arichiede@issuu.com,9/15/2001,40745 Barnett Avenue,(355) 2994155,0f2b8ebe29bb37ad9c50d600971a47e06596fea8de9624f699cd74280287283a,Multi-layered
Phyllis,Yakhin,41cbda3c-e3cb-11e9-8a05-7fa2617031bf,pyakhindf@cyberchimps.com,5/31/2000,9 Florence Drive,(841) 3027383,dd1a962c90569ade2c7c2ef816ecf6c601d32520d8ea18ddd3f809b543ccbc81,holistic
Corrinne,McElane,41cc014c-e3cb-11e9-8a06-2fb7455a7f59,cmcelanedg@istockphoto.com,1/10/2000,8 Paget Terrace,,cbaa231ce93fe69aa118372084d78f665cabc4b386d619501a15636f8b0757c0,alliance
Nickolai,Chapleo,41cc285c-e3cb-11e9-8a07-afbbca2fd2fe,nchapleodh@lycos.com,7/3/1992,329 Lake View Avenue,,53669517fad2d720a03949ea88292276af0c1954a2540775627e5ad796e165e8,Customer-focused
Asa,Josefovic,41cceb84-e3cb-11e9-8a0c-c3389864ef29,ajosefovicdi@buzzfeed.com,2/7/1993,20182 Summerview Hill,(453) 3495002,bd03c1cc93aba85394b53bc75cfb07dfcbde0a520b80afdbb591d444bf9f425b,matrix
Jone,Matthisson,41cc014c-e3cb-11e9-8a06-2fb7455a7f59,jmatthissondj@jimdo.com,9/7/1995,90 Monument Road,(695) 1597732,fed9abc1c7cb78da2238cdb3edbea149677d98c949a39c951688d145933fadf8,Ergonomic
Libbi,Wishart,41cc285c-e3cb-11e9-8a07-afbbca2fd2fe,lwishartdk@sciencedaily.com,1/24/1991,78627 Meadow Vale Court,(349) 3346038,fafd6a46f6426be331e26fa206560f82d1ffdd270d5c219de9d80e0ca32bd99b,protocol
Eric,Berceros,41cc4f62-e3cb-11e9-8a08-b7c9602096b7,ebercerosdl@whitehouse.gov,8/18/1994,57951 Westport Drive,,36ed648fcbd0b5a64f98073bb30641316664e27598e619a086c2b2e820689c2b,Organic
Goddard,Coners,41cc7668-e3cb-11e9-8a09-439415c24280,gconersdm@histats.com,4/29/2000,41 4th Junction,(383) 2874285,d7c865c766f6ff645c5f68f3e3929b65916a8690146c71c251b400ba616c93ed,user-facing
Merle,Perllman,41cc9d78-e3cb-11e9-8a0a-036c13af4d22,mperllmandn@discovery.com,3/3/1997,5 Heffernan Terrace,,c03ab1d392c897fc74df55b4c4eb43c7021d681f9d6cf7a0a1f1478619b45bf0,capacity
Maridel,Braffington,41ccc47e-e3cb-11e9-8a0b-8b9b82528182,mbraffingtondo@canalblog.com,1/31/1997,1236 Buell Road,,6f65a3b5a696ee7bbf8e9e3a407c78fd9d3920390ccf25660d50b36d04ec3446,Compatible
Levin,Serle,41cceb84-e3cb-11e9-8a0c-c3389864ef29,lserledp@bing.com,10/22/1994,55 Northfield Circle,,87ce72fa597d8a079abe98a436ba39269abcb42ae6d7c73adacda60d45c871cc,Monitored
Erich,Bambridge,41cd1294-e3cb-11e9-8a0d-17771f4e6e52,ebambridgedq@twitpic.com,10/4/1999,658 Haas Plaza,(674) 5560443,9fb5febf7b4c322b936a3bfe731907ce71a1bf26c186fff6e885e0c5a565b346,Switchable
Rochell,Cattemull,,rcattemulldr@people.com.cn,4/21/1992,55 Fieldstone Drive,(734) 6931163,f5dfa1547213fd7e744fdfab2de49654703e9f1a5f5248b34244430de76ea895,Grass-roots
Freddie,Coling,,fcolingds@ifeng.com,3/16/1998,0769 Jenifer Center,(506) 2507344,63b3d612fb2e91b18a10d7eba0e02672221c67f8ac711fd6ab11182d88246feb,homogeneous
Evelina,Loan,,eloandt@army.mil,10/11/1991,4 Spenser Plaza,(155) 9393297,c00c8e5958b05d1c918d7710df761a78a88b9350cc773ba0bb0b5e8969e47f10,task-force
Zola,Proffer,,zprofferdu@t-online.de,2/13/1994,46 Karstens Street,(863) 2327167,63e869e8d7d64ecb6b989b40c8de048f10d5af06f027e3a8b176dabdc2401854,task-force
Aurora,Duligal,,aduligaldv@addthis.com,12/29/1999,53 Harbort Trail,,9c10e975e882e69c779bbba84f2088808942f37f9a7f0764be07886aaaeb2a3e,orchestration
