teacherid,teacherfname,teacherlname,department,email,dob,teacheraddress,phone,passhash,salt
23fe2ea6-e3cb-11e9-a449-43ae922fe9d9,Mavis,Echalie,Human Resources,mechalie0@nyu.edu,1973-01-01,4 Barby Plaza,(887) 1491229,010f1a237283b067cf90d6c425705fb2866c9a6b610678390d95ce85d01bb7d6,asymmetric
23fef1d8-e3cb-11e9-a44a-0b17727bf406,Tatiana,Christopher,Research and Development,tchristopher1@vistaprint.com,1987-09-03,2 Homewood Lane,(976) 4802531,c779679687151e77d8435fb0859b4b0111d39a36aca68190e7bc4fa11eb51347,zero tolerance
23ff18e8-e3cb-11e9-a44b-fb564150cc8a,Simon,Dewane,Marketing,sdewane2@g.co,1969-02-14,9 Canary Crossing,(348) 4264106,1e40c1143dee4198eca995261484bf8af6d8565ff4d19e8bdf6487d4b70098aa,homogeneous
23ff3fe4-e3cb-11e9-a44c-2f0b03e8de8b,Lina,Horick,Training,lhorick3@whitehouse.gov,1979-06-20,8166 Del Mar Point,(501) 1812873,1372b7598bcaf33a71537904affe55eb70e53db5bfdecfd641afe2bec9ae82b0,intermediate
23ff66fe-e3cb-11e9-a44d-dffb1564461a,Page,Lawton,Product Management,plawton4@admin.ch,1978-09-01,9119 Arrowood Way,(524) 6078686,16f642be6c1bf101ae0b19898894d8bdd5dff04c93eac75d5cacc1155dca8814,Open-source
23ff8dfa-e3cb-11e9-a44e-9b2165cef09b,De,Cisec,Accounting,dcisec5@marriott.com,1975-08-19,05120 Golf View Way,(588) 9802475,b04bcc8793deac4c79bd36de8b457e9c732cd379f187368c89beb62079fde770,even-keeled
23ffb500-e3cb-11e9-a44f-8b4795c9ce4a,Cristina,Genery,Sales,cgenery6@un.org,1986-07-29,040 Independence Pass,,d1c5df830496ca0c691be77b20cc42dfa34ad357422118f41f182281382ddada,toolset
23ffdc10-e3cb-11e9-a450-8b64523f1f94,Peggi,Pursglove,Business Development,ppursglove7@dailymail.co.uk,1976-06-17,075 Jay Road,,67e10ec4952f8b45c2f73c18e87e11cda41342e27486da0831cd0231c40df0bf,instruction set
24000320-e3cb-11e9-a451-d71a9b77b2ba,Kalie,Admans,Engineering,kadmans8@narod.ru,1988-06-17,7098 Jay Way,(144) 2662399,1161ecf143a2f1c01b9c062b9ea5e8196586700e9d7466a18711491a91c5f094,user-facing
24002a26-e3cb-11e9-a452-53e1d70cdb01,Karmen,O'Dempsey,Training,kodempsey9@technorati.com,1983-12-13,58 Hooker Plaza,(497) 4102652,aa24d0b70f57de4c774ac28c115406e9ea56a83e7eb643b381e0c228c989e4e6,Reverse-engineered
24005136-e3cb-11e9-a453-cf258411afae,Laney,Gabbot,Support,lgabbota@angelfire.com,1985-02-26,034 Harbort Circle,(389) 7680325,d9eebf1eb70f372f7956f7a5eca23ea813271ffd974221f874f7f250bf4df22d,disintermediate
2400783c-e3cb-11e9-a454-af9ada70a8fb,Mae,Jillitt,Accounting,mjillittb@rambler.ru,1972-01-23,5994 Westport Plaza,(925) 3979530,5623fbdaa8b1728d0c0630e62b8d0a0a2b73b7b2f0f901d3c6fb68631933e6a1,initiative
24009f4c-e3cb-11e9-a455-9f3551648910,Phillipp,Barritt,Marketing,pbarrittc@surveymonkey.com,1972-10-09,3944 Bartillon Court,(737) 3556086,27321ce8ff0a200f12fc2cc4cfd9269acf1bdb6772083155dc6cc0f5ce636ca9,support
2400c652-e3cb-11e9-a456-6f9cffa57954,Kissee,Brabban,Human Resources,kbrabband@weebly.com,1981-06-23,51 Cottonwood Junction,,7e6b4fbdd5fa8e374235c3a482ec0da74940a3f03dcb12c088b4d22b2e69f2bb,info-mediaries
2400ed58-e3cb-11e9-a457-6bf0b613dbe2,Flossi,Ilyinski,Support,filyinskie@sogou.com,1975-08-22,86 Heffernan Junction,,605492a80d2a15346467a97a7bee18bc0fd72425f19613f79445f5ba5d1d4616,optimal
24013b6e-e3cb-11e9-a458-3ffee202a7bc,Chrissy,Capelow,Business Development,ccapelowf@mysql.com,1971-05-19,1 Melvin Place,(782) 6404707,bf241c5040236f2f8d9621425d7f8e44a561fead70d3de029586d3f687049471,Persistent
2401627e-e3cb-11e9-a459-6b937003341c,Jaymee,Bachs,Business Development,jbachsg@opensource.org,1965-02-10,7369 Oriole Court,(246) 5227133,b0fa7e9d3b891423f0020738c8731e2817e1e9751c381a9d2eca1daeae8cee2c,heuristic
2401898e-e3cb-11e9-a45a-23659c6c95c7,Elna,Leeb,Research and Development,eleebh@msu.edu,1967-12-07,12462 Straubel Center,,a3b02a76e57187f4248b4a1099dde358b814ae20c30b8b23bda9b912cdaa8e6c,cohesive
2401d7a4-e3cb-11e9-a45b-bf56b4322858,Lev,Goulter,Research and Development,lgoulteri@rambler.ru,1974-05-13,27 Dapin Trail,,b01f7928c3b510625658b46dd53cc2fbbf57583df2c027fd93aec4c2330bcb3c,Re-engineered
2401feaa-e3cb-11e9-a45c-2328c385f688,Bianca,Tarplee,Accounting,btarpleej@walmart.com,1970-08-04,77643 Dottie Drive,(610) 2445167,0aecacc2c78ce630d0ab66ebf1415263ee33e3eb4bce8271dab8e061124cb1b4,Streamlined
240225b0-e3cb-11e9-a45d-13242514e334,Kale,Tawse,Support,ktawsek@java.com,1988-05-25,40 Union Park,(698) 6645456,f9788e5c292785276c8c11153c6542b883d3f48c7e637dfd1ec57cd94ad61f2e,implementation
240273c6-e3cb-11e9-a45e-9773469fe73c,Amara,Kareman,Sales,akaremanl@mapy.cz,1963-07-07,83 Saint Paul Alley,(412) 4603311,9456821ac32686c2ef70c8ce62a373c1d426e2d3c48669d26f8ef1e3a57dc90c,contextually-based
24029acc-e3cb-11e9-a45f-07b33ead673c,Lonnard,Brookz,Engineering,lbrookzm@jalbum.net,1983-08-28,4 Vidon Road,(366) 8575980,194ed5d97a4d68a19fc43858d5ada871717dca7fa89af9868e1b675d1ef064c8,radical
2402c1dc-e3cb-11e9-a460-ffefc670849d,Chiarra,Vaney,Human Resources,cvaneyn@posterous.com,1972-12-01,74299 Longview Drive,,dd4aac9369a441af691605189f463fa2fcc9967e96af3069a6aa734cc49af886,alliance
2402e8e2-e3cb-11e9-a461-a3fd5a398fb8,Jasen,Jentzsch,Business Development,jjentzscho@toplist.cz,1984-10-15,84121 Reinke Hill,,154ed621a924fd0f03cbdbcc279cbc2b8f4cc0f78f12a3838a8f4f40476b631f,fresh-thinking
240336f8-e3cb-11e9-a462-372732212b1a,Damara,MacGilpatrick,Research and Development,dmacgilpatrickp@shutterfly.com,1989-01-30,2056 Kenwood Drive,(842) 2531888,11f6586ca7790b8856c61a068a307a0b224eaf85b844043bd70bf5c93418eab0,solution
24035dfe-e3cb-11e9-a463-b77a0b87b643,Marjie,Burkinshaw,Accounting,mburkinshawq@nba.com,1961-05-04,449 Sauthoff Road,,6472efaccc367cab272821c465f7c50a3fbc871f44a9b3391870aaea30b8c900,protocol
24038504-e3cb-11e9-a464-0b6dfa689a12,Zulema,Pescud,Business Development,zpescudr@oakley.com,1986-02-27,58 Karstens Circle,(622) 6726711,d097b2f5b172d48822140e92e3bc1868db34cdc2c55fae967ea237c3f8edf52c,Profound
2403ac14-e3cb-11e9-a465-2b9c06564ebb,Muhammad,Usmar,Research and Development,musmars@eepurl.com,1980-03-31,992 Harper Junction,,edd1799f9456f53e3fb0f73f795df9ce0f54f2401c0eb9892238d3fb75a818a1,Phased
2403d31a-e3cb-11e9-a466-875b95539ba8,Allianora,Joppich,Business Development,ajoppicht@seattletimes.com,1990-07-30,720 International Street,(630) 6008652,ea5b2bb03b2c605b0515cf54d117b9bf5ea515f73d51bce6c095a8a40d7d7df5,leading edge
2403fa2a-e3cb-11e9-a467-8b61035f2d98,Phip,Edser,Sales,pedseru@arstechnica.com,1965-07-10,65 Schurz Trail,(594) 5426042,de1cc57d8777177044bf645c2b15238ae5d386e7a2af64d83d5d00886bc0afa7,Automated
24042144-e3cb-11e9-a468-7bd2a30894df,Odey,Artiss,Services,oartissv@nsw.gov.au,1981-05-24,03956 Sugar Street,,83ca604dc615dea61f2e79c5f039972967043a0fc8389b5913ab9d1793c8cbef,Public-key
24046f6e-e3cb-11e9-a469-a7a5d48ceb2f,Sterne,Graveston,Engineering,sgravestonw@npr.org,1968-11-06,63010 Fairview Circle,(648) 1825185,d25a67109f7b679e36194d731635ff298cc6b1499302df7841f9ef7aa3595e7f,Organized
2404966a-e3cb-11e9-a46a-eb9b2c0fb721,Gery,Pepall,Accounting,gpepallx@amazon.co.jp,1968-10-06,85 Havey Parkway,(644) 7914309,ddc48b0875dc563a7ebe1d4ea413edc60f78d053f3c743b1679111eb75002e21,Decentralized
2404bd7a-e3cb-11e9-a46b-abf884f49072,Rowen,Danick,Training,rdanicky@irs.gov,1987-07-04,9275 Sugar Street,(407) 6652609,28f56b7be92a342328d39f371de3e36a571b48b2496b91910aae56b534974a1e,conglomeration
24050b72-e3cb-11e9-a46c-2b022a41fe97,Kasey,Deavin,Research and Development,kdeavinz@mail.ru,1972-09-27,96783 Bowman Avenue,(426) 9072574,dec91aebc8c905b73656a3b25eb495ac6194ab824d135f53c56a07c3309ec901,Extended
24053278-e3cb-11e9-a46d-b31b97231b9c,Emalee,Baudic,Human Resources,ebaudic10@flickr.com,1962-07-03,8150 Springs Avenue,(676) 2684319,d5dc6bf45402ad80a156fd38845a130d7757456c39c033c5b115e9f538be1eff,didactic
240580a2-e3cb-11e9-a46e-ab677f62609c,Danny,Granleese,Accounting,dgranleese11@boston.com,1987-05-28,5 Mallory Road,,7f9986c5048f66029bc60b430ea919446d57931020936589317582484170cc89,Decentralized
2405a82a-e3cb-11e9-a46f-db4a40758356,Morten,Pizer,Human Resources,mpizer12@chicagotribune.com,1979-03-16,775 Vermont Lane,,a4784300be4df7617d0c2a57c8ff5f3434f1d4bd994b19dd30159ee44da8fe4d,Grass-roots
24061d3c-e3cb-11e9-a470-9f33415bb88d,Layney,Dawidowitsch,Legal,ldawidowitsch13@creativecommons.org,1980-08-04,02195 Rowland Park,(412) 3452248,f30dfdbfc05ae7b0a857efcbbc1f286146002afa4345ecb222a21979fc8eab72,synergy
240643d4-e3cb-11e9-a471-03e56dd8483b,Margo,Atter,Marketing,matter14@sourceforge.net,1972-10-06,9 Londonderry Center,(352) 8266344,f5a184bda0a5437f2ea12e5f9e380071c6bc7100db4cf3adf53cf5a934a237f6,synergy
24066ada-e3cb-11e9-a472-6f3a5fb18c88,Yettie,Challenor,Human Resources,ychallenor15@weather.com,1963-05-31,868 Messerschmidt Street,(105) 7393719,945301ca243e9eba9988421fe60c5a5ea187185623c0d6363d3ea2bc9b5ab871,matrix
24069258-e3cb-11e9-a473-d78ff025ac47,Adolph,Januszkiewicz,Training,ajanuszkiewicz16@auda.org.au,1983-03-29,6308 Northridge Hill,(527) 4760850,f78b4a747c0aa8f1e0b63c88f0d636361d2ad4f8ebd42387c3dc6e574ba7a80b,intranet
2406b968-e3cb-11e9-a474-abc1f5be99df,Rebeca,Roussell,Support,rroussell17@theguardian.com,1974-02-05,53206 Service Way,,322acb48745ba907ff18ab848e4aa709462a4fdd721018b5106a636fe4ca4d86,forecast
2406e06e-e3cb-11e9-a475-6759ea0b39bc,Rosalia,Thumann,Support,rthumann18@trellian.com,1980-09-26,27400 Anderson Center,(745) 5638966,f2046c667886739b4c4bc07f16fc461ee3095e5205205f19445bd4e4e24dd84c,benchmark
2407077e-e3cb-11e9-a476-c38a2befbfd7,Reidar,Cawood,Human Resources,rcawood19@timesonline.co.uk,1981-07-07,4 Thackeray Street,(185) 7592856,08c459e0b679e2a94d24a2c4407eca0d6fca9c952c018aa4f64059d8acb5e636,structure
24072e84-e3cb-11e9-a477-532258583846,Andrew,Giannazzi,Accounting,agiannazzi1a@symantec.com,1980-06-14,6 Gina Point,(792) 1289546,c5e6ae1d92e6c92b58a420ceb13e8ad195949cbdddbd283c05e2260d168acc30,initiative
24075594-e3cb-11e9-a478-c315d9a694fc,Shermie,Freathy,Sales,sfreathy1b@wp.com,1989-03-18,3336 8th Center,(275) 2549521,9589abbc16bc71b19feb6797dc156fb4badae299e2b113a6d4c6b247cd40f8d0,capability
24077c9a-e3cb-11e9-a479-6354ddd4d2d5,Darren,Sleit,Accounting,dsleit1c@bing.com,1990-07-29,13321 Sachs Junction,(690) 1131938,f34d70e6c55291879ddf7136a38193f75c635abb0713a723267e47a0c357a0ab,Reverse-engineered
2407a3aa-e3cb-11e9-a47a-2379191142cf,Husein,Bason,Accounting,hbason1d@shutterfly.com,1960-11-21,9 Tennyson Lane,(866) 9778496,a6dd9777d5c0eb4576604f8dcfd78c19f782040037d99ae41e2907700391e2c7,Expanded
