TeacherFName,TeacherLName,Department,Email,DOB,TeacherAddress,Phone,PassHash,Salt
Mavis,Echalie,Human Resources,mechalie0@nyu.edu,1/1/1973,4 Barby Plaza,(887) 1491229,010f1a237283b067cf90d6c425705fb2866c9a6b610678390d95ce85d01bb7d6,asymmetric
Tatiana,Christopher,Research and Development,tchristopher1@vistaprint.com,9/3/1987,2 Homewood Lane,(976) 4802531,c779679687151e77d8435fb0859b4b0111d39a36aca68190e7bc4fa11eb51347,zero tolerance
Simon,Dewane,Marketing,sdewane2@g.co,2/14/1969,9 Canary Crossing,(348) 4264106,1e40c1143dee4198eca995261484bf8af6d8565ff4d19e8bdf6487d4b70098aa,homogeneous
Lina,Horick,Training,lhorick3@whitehouse.gov,6/20/1979,8166 Del Mar Point,(501) 1812873,1372b7598bcaf33a71537904affe55eb70e53db5bfdecfd641afe2bec9ae82b0,intermediate
Page,Lawton,Product Management,plawton4@admin.ch,9/1/1978,9119 Arrowood Way,(524) 6078686,16f642be6c1bf101ae0b19898894d8bdd5dff04c93eac75d5cacc1155dca8814,Open-source
De,Cisec,Accounting,dcisec5@marriott.com,8/19/1975,05120 Golf View Way,(588) 9802475,b04bcc8793deac4c79bd36de8b457e9c732cd379f187368c89beb62079fde770,even-keeled
Cristina,Genery,Sales,cgenery6@un.org,7/29/1986,040 Independence Pass,,d1c5df830496ca0c691be77b20cc42dfa34ad357422118f41f182281382ddada,toolset
Peggi,Pursglove,Business Development,ppursglove7@dailymail.co.uk,6/17/1976,075 Jay Road,,67e10ec4952f8b45c2f73c18e87e11cda41342e27486da0831cd0231c40df0bf,instruction set
Kalie,Admans,Engineering,kadmans8@narod.ru,6/17/1988,7098 Jay Way,(144) 2662399,1161ecf143a2f1c01b9c062b9ea5e8196586700e9d7466a18711491a91c5f094,user-facing
Karmen,O'Dempsey,Training,kodempsey9@technorati.com,12/13/1983,58 Hooker Plaza,(497) 4102652,aa24d0b70f57de4c774ac28c115406e9ea56a83e7eb643b381e0c228c989e4e6,Reverse-engineered
Laney,Gabbot,Support,lgabbota@angelfire.com,2/26/1985,034 Harbort Circle,(389) 7680325,d9eebf1eb70f372f7956f7a5eca23ea813271ffd974221f874f7f250bf4df22d,disintermediate
Mae,Jillitt,Accounting,mjillittb@rambler.ru,1/23/1972,5994 Westport Plaza,(925) 3979530,5623fbdaa8b1728d0c0630e62b8d0a0a2b73b7b2f0f901d3c6fb68631933e6a1,initiative
Phillipp,Barritt,Marketing,pbarrittc@surveymonkey.com,10/9/1972,3944 Bartillon Court,(737) 3556086,27321ce8ff0a200f12fc2cc4cfd9269acf1bdb6772083155dc6cc0f5ce636ca9,support
Kissee,Brabban,Human Resources,kbrabband@weebly.com,6/23/1981,51 Cottonwood Junction,,7e6b4fbdd5fa8e374235c3a482ec0da74940a3f03dcb12c088b4d22b2e69f2bb,info-mediaries
Flossi,Ilyinski,Support,filyinskie@sogou.com,8/22/1975,86 Heffernan Junction,,605492a80d2a15346467a97a7bee18bc0fd72425f19613f79445f5ba5d1d4616,optimal
Chrissy,Capelow,Business Development,ccapelowf@mysql.com,5/19/1971,1 Melvin Place,(782) 6404707,bf241c5040236f2f8d9621425d7f8e44a561fead70d3de029586d3f687049471,Persistent
Jaymee,Bachs,Business Development,jbachsg@opensource.org,2/10/1965,7369 Oriole Court,(246) 5227133,b0fa7e9d3b891423f0020738c8731e2817e1e9751c381a9d2eca1daeae8cee2c,heuristic
Elna,Leeb,Research and Development,eleebh@msu.edu,12/7/1967,12462 Straubel Center,,a3b02a76e57187f4248b4a1099dde358b814ae20c30b8b23bda9b912cdaa8e6c,cohesive
Lev,Goulter,Research and Development,lgoulteri@rambler.ru,5/13/1974,27 Dapin Trail,,b01f7928c3b510625658b46dd53cc2fbbf57583df2c027fd93aec4c2330bcb3c,Re-engineered
Bianca,Tarplee,Accounting,btarpleej@walmart.com,8/4/1970,77643 Dottie Drive,(610) 2445167,0aecacc2c78ce630d0ab66ebf1415263ee33e3eb4bce8271dab8e061124cb1b4,Streamlined
Kale,Tawse,Support,ktawsek@java.com,5/25/1988,40 Union Park,(698) 6645456,f9788e5c292785276c8c11153c6542b883d3f48c7e637dfd1ec57cd94ad61f2e,implementation
Amara,Kareman,Sales,akaremanl@mapy.cz,7/7/1963,83 Saint Paul Alley,(412) 4603311,9456821ac32686c2ef70c8ce62a373c1d426e2d3c48669d26f8ef1e3a57dc90c,contextually-based
Lonnard,Brookz,Engineering,lbrookzm@jalbum.net,8/28/1983,4 Vidon Road,(366) 8575980,194ed5d97a4d68a19fc43858d5ada871717dca7fa89af9868e1b675d1ef064c8,radical
Chiarra,Vaney,Human Resources,cvaneyn@posterous.com,12/1/1972,74299 Longview Drive,,dd4aac9369a441af691605189f463fa2fcc9967e96af3069a6aa734cc49af886,alliance
Jasen,Jentzsch,Business Development,jjentzscho@toplist.cz,10/15/1984,84121 Reinke Hill,,154ed621a924fd0f03cbdbcc279cbc2b8f4cc0f78f12a3838a8f4f40476b631f,fresh-thinking
Damara,MacGilpatrick,Research and Development,dmacgilpatrickp@shutterfly.com,1/30/1989,2056 Kenwood Drive,(842) 2531888,11f6586ca7790b8856c61a068a307a0b224eaf85b844043bd70bf5c93418eab0,solution
Marjie,Burkinshaw,Accounting,mburkinshawq@nba.com,5/4/1961,449 Sauthoff Road,,6472efaccc367cab272821c465f7c50a3fbc871f44a9b3391870aaea30b8c900,protocol
Zulema,Pescud,Business Development,zpescudr@oakley.com,2/27/1986,58 Karstens Circle,(622) 6726711,d097b2f5b172d48822140e92e3bc1868db34cdc2c55fae967ea237c3f8edf52c,Profound
Muhammad,Usmar,Research and Development,musmars@eepurl.com,3/31/1980,992 Harper Junction,,edd1799f9456f53e3fb0f73f795df9ce0f54f2401c0eb9892238d3fb75a818a1,Phased
Allianora,Joppich,Business Development,ajoppicht@seattletimes.com,7/30/1990,720 International Street,(630) 6008652,ea5b2bb03b2c605b0515cf54d117b9bf5ea515f73d51bce6c095a8a40d7d7df5,leading edge
Phip,Edser,Sales,pedseru@arstechnica.com,7/10/1965,65 Schurz Trail,(594) 5426042,de1cc57d8777177044bf645c2b15238ae5d386e7a2af64d83d5d00886bc0afa7,Automated
Odey,Artiss,Services,oartissv@nsw.gov.au,5/24/1981,03956 Sugar Street,,83ca604dc615dea61f2e79c5f039972967043a0fc8389b5913ab9d1793c8cbef,Public-key
Sterne,Graveston,Engineering,sgravestonw@npr.org,11/6/1968,63010 Fairview Circle,(648) 1825185,d25a67109f7b679e36194d731635ff298cc6b1499302df7841f9ef7aa3595e7f,Organized
Gery,Pepall,Accounting,gpepallx@amazon.co.jp,10/6/1968,85 Havey Parkway,(644) 7914309,ddc48b0875dc563a7ebe1d4ea413edc60f78d053f3c743b1679111eb75002e21,Decentralized
Rowen,Danick,Training,rdanicky@irs.gov,7/4/1987,9275 Sugar Street,(407) 6652609,28f56b7be92a342328d39f371de3e36a571b48b2496b91910aae56b534974a1e,conglomeration
Kasey,Deavin,Research and Development,kdeavinz@mail.ru,9/27/1972,96783 Bowman Avenue,(426) 9072574,dec91aebc8c905b73656a3b25eb495ac6194ab824d135f53c56a07c3309ec901,Extended
Emalee,Baudic,Human Resources,ebaudic10@flickr.com,7/3/1962,8150 Springs Avenue,(676) 2684319,d5dc6bf45402ad80a156fd38845a130d7757456c39c033c5b115e9f538be1eff,didactic
Danny,Granleese,Accounting,dgranleese11@boston.com,5/28/1987,5 Mallory Road,,7f9986c5048f66029bc60b430ea919446d57931020936589317582484170cc89,Decentralized
Morten,Pizer,Human Resources,mpizer12@chicagotribune.com,3/16/1979,775 Vermont Lane,,a4784300be4df7617d0c2a57c8ff5f3434f1d4bd994b19dd30159ee44da8fe4d,Grass-roots
Layney,Dawidowitsch,Legal,ldawidowitsch13@creativecommons.org,8/4/1980,02195 Rowland Park,(412) 3452248,f30dfdbfc05ae7b0a857efcbbc1f286146002afa4345ecb222a21979fc8eab72,synergy
Margo,Atter,Marketing,matter14@sourceforge.net,10/6/1972,9 Londonderry Center,(352) 8266344,f5a184bda0a5437f2ea12e5f9e380071c6bc7100db4cf3adf53cf5a934a237f6,synergy
Yettie,Challenor,Human Resources,ychallenor15@weather.com,5/31/1963,868 Messerschmidt Street,(105) 7393719,945301ca243e9eba9988421fe60c5a5ea187185623c0d6363d3ea2bc9b5ab871,matrix
Adolph,Januszkiewicz,Training,ajanuszkiewicz16@auda.org.au,3/29/1983,6308 Northridge Hill,(527) 4760850,f78b4a747c0aa8f1e0b63c88f0d636361d2ad4f8ebd42387c3dc6e574ba7a80b,intranet
Rebeca,Roussell,Support,rroussell17@theguardian.com,2/5/1974,53206 Service Way,,322acb48745ba907ff18ab848e4aa709462a4fdd721018b5106a636fe4ca4d86,forecast
Rosalia,Thumann,Support,rthumann18@trellian.com,9/26/1980,27400 Anderson Center,(745) 5638966,f2046c667886739b4c4bc07f16fc461ee3095e5205205f19445bd4e4e24dd84c,benchmark
Reidar,Cawood,Human Resources,rcawood19@timesonline.co.uk,7/7/1981,4 Thackeray Street,(185) 7592856,08c459e0b679e2a94d24a2c4407eca0d6fca9c952c018aa4f64059d8acb5e636,structure
Andrew,Giannazzi,Accounting,agiannazzi1a@symantec.com,6/14/1980,6 Gina Point,(792) 1289546,c5e6ae1d92e6c92b58a420ceb13e8ad195949cbdddbd283c05e2260d168acc30,initiative
Shermie,Freathy,Sales,sfreathy1b@wp.com,3/18/1989,3336 8th Center,(275) 2549521,9589abbc16bc71b19feb6797dc156fb4badae299e2b113a6d4c6b247cd40f8d0,capability
Darren,Sleit,Accounting,dsleit1c@bing.com,7/29/1990,13321 Sachs Junction,(690) 1131938,f34d70e6c55291879ddf7136a38193f75c635abb0713a723267e47a0c357a0ab,Reverse-engineered
Husein,Bason,Accounting,hbason1d@shutterfly.com,11/21/1960,9 Tennyson Lane,(866) 9778496,a6dd9777d5c0eb4576604f8dcfd78c19f782040037d99ae41e2907700391e2c7,Expanded
